Price_Month,Model,Benchmark_MSRP_USD,Model_Price_Min_USD,Model_Price_Max_USD,Price_Variation_Factor,Price_Source
2015-01-01,1 Series,31782.75,29875.78,35596.67,0.99321,BMW official MSRP anchors + simulated monthly market variation
2015-02-01,1 Series,31833.92,29923.88,35653.99,0.99481,BMW official MSRP anchors + simulated monthly market variation
2015-03-01,1 Series,32124.12,30196.68,35979.02,1.00388,BMW official MSRP anchors + simulated monthly market variation
2015-04-01,1 Series,31816.91,29907.89,35634.94,0.99428,BMW official MSRP anchors + simulated monthly market variation
2015-05-01,1 Series,32128.9,30201.17,35984.37,1.00403,BMW official MSRP anchors + simulated monthly market variation
2015-06-01,1 Series,32149.32,30220.36,36007.24,1.00467,BMW official MSRP anchors + simulated monthly market variation
2015-07-01,1 Series,32174.04,30243.6,36034.92,1.00544,BMW official MSRP anchors + simulated monthly market variation
2015-08-01,1 Series,32066.12,30142.15,35914.05,1.00207,BMW official MSRP anchors + simulated monthly market variation
2015-09-01,1 Series,31934.73,30018.65,35766.9,0.99796,BMW official MSRP anchors + simulated monthly market variation
2015-10-01,1 Series,31599.24,29703.29,35391.15,0.98748,BMW official MSRP anchors + simulated monthly market variation
2015-11-01,1 Series,31788.44,29881.13,35603.05,0.99339,BMW official MSRP anchors + simulated monthly market variation
2015-12-01,1 Series,32029.43,30107.66,35872.96,1.00092,BMW official MSRP anchors + simulated monthly market variation
2016-01-01,1 Series,32899.91,30925.92,36847.9,1.0123,BMW official MSRP anchors + simulated monthly market variation
2016-02-01,1 Series,32738.94,30774.6,36667.61,1.00735,BMW official MSRP anchors + simulated monthly market variation
2016-03-01,1 Series,32788.09,30820.81,36722.67,1.00886,BMW official MSRP anchors + simulated monthly market variation
2016-04-01,1 Series,32995.14,31015.43,36954.55,1.01523,BMW official MSRP anchors + simulated monthly market variation
2016-05-01,1 Series,33100.35,31114.33,37072.4,1.01847,BMW official MSRP anchors + simulated monthly market variation
2016-06-01,1 Series,33002.38,31022.24,36962.67,1.01546,BMW official MSRP anchors + simulated monthly market variation
2016-07-01,1 Series,32807.08,30838.66,36743.93,1.00945,BMW official MSRP anchors + simulated monthly market variation
2016-08-01,1 Series,32702.44,30740.29,36626.73,1.00623,BMW official MSRP anchors + simulated monthly market variation
2016-09-01,1 Series,32785.49,30818.36,36719.75,1.00878,BMW official MSRP anchors + simulated monthly market variation
2016-10-01,1 Series,32925.15,30949.64,36876.16,1.01308,BMW official MSRP anchors + simulated monthly market variation
2016-11-01,1 Series,32692.99,30731.41,36616.15,1.00594,BMW official MSRP anchors + simulated monthly market variation
2016-12-01,1 Series,32991.58,31012.08,36950.57,1.01513,BMW official MSRP anchors + simulated monthly market variation
2017-01-01,1 Series,33669.52,31649.35,37709.86,1.02029,BMW official MSRP anchors + simulated monthly market variation
2017-02-01,1 Series,32932.4,30956.46,36884.29,0.99795,BMW official MSRP anchors + simulated monthly market variation
2017-03-01,1 Series,33148.12,31159.23,37125.9,1.00449,BMW official MSRP anchors + simulated monthly market variation
2017-04-01,1 Series,33200.75,31208.71,37184.84,1.00608,BMW official MSRP anchors + simulated monthly market variation
2017-05-01,1 Series,33524.49,31513.02,37547.43,1.01589,BMW official MSRP anchors + simulated monthly market variation
2017-06-01,1 Series,33462.4,31454.66,37477.89,1.01401,BMW official MSRP anchors + simulated monthly market variation
2017-07-01,1 Series,33765.16,31739.25,37816.98,1.02319,BMW official MSRP anchors + simulated monthly market variation
2017-08-01,1 Series,33703.58,31681.37,37748.01,1.02132,BMW official MSRP anchors + simulated monthly market variation
2017-09-01,1 Series,33883.0,31850.02,37948.96,1.02676,BMW official MSRP anchors + simulated monthly market variation
2017-10-01,1 Series,33293.59,31295.98,37288.82,1.0089,BMW official MSRP anchors + simulated monthly market variation
2017-11-01,1 Series,33814.7,31785.82,37872.47,1.02469,BMW official MSRP anchors + simulated monthly market variation
2017-12-01,1 Series,34154.3,32105.05,38252.82,1.03498,BMW official MSRP anchors + simulated monthly market variation
2018-01-01,1 Series,34168.14,32118.05,38268.32,1.01994,BMW official MSRP anchors + simulated monthly market variation
2018-02-01,1 Series,34601.54,32525.45,38753.73,1.03288,BMW official MSRP anchors + simulated monthly market variation
2018-03-01,1 Series,34606.34,32529.96,38759.11,1.03303,BMW official MSRP anchors + simulated monthly market variation
2018-04-01,1 Series,34335.19,32275.08,38455.41,1.02493,BMW official MSRP anchors + simulated monthly market variation
2018-05-01,1 Series,34163.47,32113.66,38263.08,1.01981,BMW official MSRP anchors + simulated monthly market variation
2018-06-01,1 Series,34476.54,32407.94,38613.72,1.02915,BMW official MSRP anchors + simulated monthly market variation
2018-07-01,1 Series,34367.13,32305.1,38491.19,1.02588,BMW official MSRP anchors + simulated monthly market variation
2018-08-01,1 Series,33991.28,31951.8,38070.23,1.01466,BMW official MSRP anchors + simulated monthly market variation
2018-09-01,1 Series,34359.3,32297.74,38482.41,1.02565,BMW official MSRP anchors + simulated monthly market variation
2018-10-01,1 Series,34285.7,32228.56,38399.99,1.02345,BMW official MSRP anchors + simulated monthly market variation
2018-11-01,1 Series,34416.02,32351.06,38545.95,1.02734,BMW official MSRP anchors + simulated monthly market variation
2018-12-01,1 Series,34255.79,32200.44,38366.48,1.02256,BMW official MSRP anchors + simulated monthly market variation
2019-01-01,1 Series,35331.74,33211.83,39571.55,1.03917,BMW official MSRP anchors + simulated monthly market variation
2019-02-01,1 Series,35146.19,33037.41,39363.73,1.03371,BMW official MSRP anchors + simulated monthly market variation
2019-03-01,1 Series,35057.62,32954.16,39264.53,1.03111,BMW official MSRP anchors + simulated monthly market variation
2019-04-01,1 Series,35054.07,32950.83,39260.56,1.031,BMW official MSRP anchors + simulated monthly market variation
2019-05-01,1 Series,35280.8,33163.95,39514.5,1.03767,BMW official MSRP anchors + simulated monthly market variation
2019-06-01,1 Series,35570.84,33436.59,39839.34,1.0462,BMW official MSRP anchors + simulated monthly market variation
2019-07-01,1 Series,35326.91,33207.3,39566.14,1.03903,BMW official MSRP anchors + simulated monthly market variation
2019-08-01,1 Series,35102.93,32996.75,39315.28,1.03244,BMW official MSRP anchors + simulated monthly market variation
2019-09-01,1 Series,35574.8,33440.31,39843.77,1.04632,BMW official MSRP anchors + simulated monthly market variation
2019-10-01,1 Series,35551.01,33417.95,39817.13,1.04562,BMW official MSRP anchors + simulated monthly market variation
2019-11-01,1 Series,34534.16,32462.11,38678.26,1.01571,BMW official MSRP anchors + simulated monthly market variation
2019-12-01,1 Series,35321.18,33201.91,39559.72,1.03886,BMW official MSRP anchors + simulated monthly market variation
2020-01-01,1 Series,36432.23,34246.29,40804.09,1.05601,BMW official MSRP anchors + simulated monthly market variation
2020-02-01,1 Series,36738.29,34533.99,41146.88,1.06488,BMW official MSRP anchors + simulated monthly market variation
2020-03-01,1 Series,36054.83,33891.54,40381.41,1.04507,BMW official MSRP anchors + simulated monthly market variation
2020-04-01,1 Series,36487.73,34298.47,40866.26,1.05762,BMW official MSRP anchors + simulated monthly market variation
2020-05-01,1 Series,36313.94,34135.11,40671.61,1.05258,BMW official MSRP anchors + simulated monthly market variation
2020-06-01,1 Series,36826.24,34616.66,41245.38,1.06743,BMW official MSRP anchors + simulated monthly market variation
2020-07-01,1 Series,36128.33,33960.63,40463.73,1.0472,BMW official MSRP anchors + simulated monthly market variation
2020-08-01,1 Series,36538.75,34346.43,40923.4,1.05909,BMW official MSRP anchors + simulated monthly market variation
2020-09-01,1 Series,36086.31,33921.14,40416.67,1.04598,BMW official MSRP anchors + simulated monthly market variation
2020-10-01,1 Series,36478.11,34289.42,40855.48,1.05734,BMW official MSRP anchors + simulated monthly market variation
2020-11-01,1 Series,36314.66,34135.78,40672.42,1.0526,BMW official MSRP anchors + simulated monthly market variation
2020-12-01,1 Series,36244.82,34070.13,40594.19,1.05057,BMW official MSRP anchors + simulated monthly market variation
2021-01-01,1 Series,39344.54,36983.87,44065.89,1.10055,BMW official MSRP anchors + simulated monthly market variation
2021-02-01,1 Series,39269.26,36913.1,43981.57,1.09844,BMW official MSRP anchors + simulated monthly market variation
2021-03-01,1 Series,38813.57,36484.76,43471.2,1.08569,BMW official MSRP anchors + simulated monthly market variation
2021-04-01,1 Series,38976.47,36637.89,43653.65,1.09025,BMW official MSRP anchors + simulated monthly market variation
2021-05-01,1 Series,38609.56,36292.99,43242.71,1.07999,BMW official MSRP anchors + simulated monthly market variation
2021-06-01,1 Series,38606.61,36290.21,43239.4,1.07991,BMW official MSRP anchors + simulated monthly market variation
2021-07-01,1 Series,38731.63,36407.74,43379.43,1.0834,BMW official MSRP anchors + simulated monthly market variation
2021-08-01,1 Series,38548.09,36235.2,43173.86,1.07827,BMW official MSRP anchors + simulated monthly market variation
2021-09-01,1 Series,38894.86,36561.16,43562.24,1.08797,BMW official MSRP anchors + simulated monthly market variation
2021-10-01,1 Series,39217.06,36864.04,43923.11,1.09698,BMW official MSRP anchors + simulated monthly market variation
2021-11-01,1 Series,38826.48,36496.89,43485.65,1.08606,BMW official MSRP anchors + simulated monthly market variation
2021-12-01,1 Series,38796.4,36468.62,43451.97,1.08521,BMW official MSRP anchors + simulated monthly market variation
2022-01-01,1 Series,40216.05,37803.09,45041.98,1.08692,BMW official MSRP anchors + simulated monthly market variation
2022-02-01,1 Series,39824.37,37434.91,44603.29,1.07633,BMW official MSRP anchors + simulated monthly market variation
2022-03-01,1 Series,39944.3,37547.64,44737.62,1.07958,BMW official MSRP anchors + simulated monthly market variation
2022-04-01,1 Series,39884.83,37491.74,44671.01,1.07797,BMW official MSRP anchors + simulated monthly market variation
2022-05-01,1 Series,39687.91,37306.64,44450.46,1.07265,BMW official MSRP anchors + simulated monthly market variation
2022-06-01,1 Series,39697.12,37315.29,44460.77,1.0729,BMW official MSRP anchors + simulated monthly market variation
2022-07-01,1 Series,40175.46,37764.93,44996.51,1.08582,BMW official MSRP anchors + simulated monthly market variation
2022-08-01,1 Series,40154.79,37745.51,44973.37,1.08526,BMW official MSRP anchors + simulated monthly market variation
2022-09-01,1 Series,40070.42,37666.2,44878.87,1.08298,BMW official MSRP anchors + simulated monthly market variation
2022-10-01,1 Series,40013.26,37612.46,44814.85,1.08144,BMW official MSRP anchors + simulated monthly market variation
2022-11-01,1 Series,40541.91,38109.39,45406.94,1.09573,BMW official MSRP anchors + simulated monthly market variation
2022-12-01,1 Series,39075.97,36731.42,43765.09,1.05611,BMW official MSRP anchors + simulated monthly market variation
2023-01-01,1 Series,41017.69,38556.63,45939.81,1.07236,BMW official MSRP anchors + simulated monthly market variation
2023-02-01,1 Series,40884.5,38431.43,45790.64,1.06888,BMW official MSRP anchors + simulated monthly market variation
2023-03-01,1 Series,40686.68,38245.48,45569.09,1.0637,BMW official MSRP anchors + simulated monthly market variation
2023-04-01,1 Series,40839.54,38389.17,45740.29,1.0677,BMW official MSRP anchors + simulated monthly market variation
2023-05-01,1 Series,39970.02,37571.82,44766.42,1.04497,BMW official MSRP anchors + simulated monthly market variation
2023-06-01,1 Series,40953.12,38495.93,45867.49,1.07067,BMW official MSRP anchors + simulated monthly market variation
2023-07-01,1 Series,40684.44,38243.38,45566.58,1.06365,BMW official MSRP anchors + simulated monthly market variation
2023-08-01,1 Series,40859.74,38408.16,45762.91,1.06823,BMW official MSRP anchors + simulated monthly market variation
2023-09-01,1 Series,40829.57,38379.8,45729.12,1.06744,BMW official MSRP anchors + simulated monthly market variation
2023-10-01,1 Series,40322.24,37902.91,45160.91,1.05418,BMW official MSRP anchors + simulated monthly market variation
2023-11-01,1 Series,40687.3,38246.06,45569.78,1.06372,BMW official MSRP anchors + simulated monthly market variation
2023-12-01,1 Series,40575.0,38140.5,45444.0,1.06078,BMW official MSRP anchors + simulated monthly market variation
2024-01-01,1 Series,41668.77,39168.64,46669.02,1.05491,BMW official MSRP anchors + simulated monthly market variation
2024-02-01,1 Series,42733.02,40169.04,47860.99,1.08185,BMW official MSRP anchors + simulated monthly market variation
2024-03-01,1 Series,42182.69,39651.73,47244.62,1.06792,BMW official MSRP anchors + simulated monthly market variation
2024-04-01,1 Series,42339.17,39798.82,47419.87,1.07188,BMW official MSRP anchors + simulated monthly market variation
2024-05-01,1 Series,42468.37,39920.26,47564.57,1.07515,BMW official MSRP anchors + simulated monthly market variation
2024-06-01,1 Series,41792.06,39284.53,46807.11,1.05803,BMW official MSRP anchors + simulated monthly market variation
2024-07-01,1 Series,42648.22,40089.33,47766.01,1.0797,BMW official MSRP anchors + simulated monthly market variation
2024-08-01,1 Series,42228.81,39695.08,47296.27,1.06908,BMW official MSRP anchors + simulated monthly market variation
2024-09-01,1 Series,42071.98,39547.66,47120.61,1.06511,BMW official MSRP anchors + simulated monthly market variation
2024-10-01,1 Series,42865.23,40293.31,48009.06,1.0852,BMW official MSRP anchors + simulated monthly market variation
2024-11-01,1 Series,42569.75,40015.56,47678.12,1.07772,BMW official MSRP anchors + simulated monthly market variation
2024-12-01,1 Series,43010.41,40429.78,48171.66,1.08887,BMW official MSRP anchors + simulated monthly market variation
2025-01-01,1 Series,44084.79,41439.71,49374.97,1.08184,BMW official MSRP anchors + simulated monthly market variation
2025-02-01,1 Series,44459.74,41792.16,49794.91,1.09104,BMW official MSRP anchors + simulated monthly market variation
2025-03-01,1 Series,43770.69,41144.45,49023.18,1.07413,BMW official MSRP anchors + simulated monthly market variation
2025-04-01,1 Series,44836.12,42145.96,50216.46,1.10027,BMW official MSRP anchors + simulated monthly market variation
2025-05-01,1 Series,43878.59,41245.87,49144.02,1.07678,BMW official MSRP anchors + simulated monthly market variation
2025-06-01,1 Series,44336.81,41676.6,49657.23,1.08802,BMW official MSRP anchors + simulated monthly market variation
2025-07-01,1 Series,44061.52,41417.83,49348.9,1.08126,BMW official MSRP anchors + simulated monthly market variation
2025-08-01,1 Series,43667.98,41047.9,48908.14,1.07161,BMW official MSRP anchors + simulated monthly market variation
2025-09-01,1 Series,43813.38,41184.58,49070.99,1.07518,BMW official MSRP anchors + simulated monthly market variation
2025-10-01,1 Series,44266.24,41610.27,49578.19,1.08629,BMW official MSRP anchors + simulated monthly market variation
2025-11-01,1 Series,43881.79,41248.89,49147.61,1.07685,BMW official MSRP anchors + simulated monthly market variation
2025-12-01,1 Series,44105.27,41458.96,49397.91,1.08234,BMW official MSRP anchors + simulated monthly market variation
2026-01-01,1 Series,45622.14,42884.81,51096.8,1.08624,BMW official MSRP anchors + simulated monthly market variation
2026-02-01,1 Series,46024.08,43262.64,51546.97,1.09581,BMW official MSRP anchors + simulated monthly market variation
2026-03-01,1 Series,45549.37,42816.41,51015.3,1.08451,BMW official MSRP anchors + simulated monthly market variation
2026-04-01,1 Series,45710.35,42967.73,51195.59,1.08834,BMW official MSRP anchors + simulated monthly market variation
2026-05-01,1 Series,46438.52,43652.21,52011.14,1.10568,BMW official MSRP anchors + simulated monthly market variation
2026-06-01,1 Series,45678.03,42937.35,51159.39,1.08757,BMW official MSRP anchors + simulated monthly market variation
2026-07-01,1 Series,45914.0,43159.16,51423.68,1.09319,BMW official MSRP anchors + simulated monthly market variation
2015-01-01,3 Series,38286.55,35989.35,42880.93,0.99575,BMW official MSRP anchors + simulated monthly market variation
2015-02-01,3 Series,38285.17,35988.06,42879.39,0.99571,BMW official MSRP anchors + simulated monthly market variation
2015-03-01,3 Series,38774.17,36447.72,43427.07,1.00843,BMW official MSRP anchors + simulated monthly market variation
2015-04-01,3 Series,38608.98,36292.44,43242.06,1.00413,BMW official MSRP anchors + simulated monthly market variation
2015-05-01,3 Series,38430.37,36124.55,43042.01,0.99949,BMW official MSRP anchors + simulated monthly market variation
2015-06-01,3 Series,37659.02,35399.48,42178.1,0.97943,BMW official MSRP anchors + simulated monthly market variation
2015-07-01,3 Series,38138.16,35849.87,42714.74,0.99189,BMW official MSRP anchors + simulated monthly market variation
2015-08-01,3 Series,38844.57,36513.89,43505.92,1.01026,BMW official MSRP anchors + simulated monthly market variation
2015-09-01,3 Series,38130.14,35842.33,42705.76,0.99168,BMW official MSRP anchors + simulated monthly market variation
2015-10-01,3 Series,38252.87,35957.7,42843.22,0.99487,BMW official MSRP anchors + simulated monthly market variation
2015-11-01,3 Series,38427.03,36121.41,43038.27,0.9994,BMW official MSRP anchors + simulated monthly market variation
2015-12-01,3 Series,38398.04,36094.15,43005.8,0.99865,BMW official MSRP anchors + simulated monthly market variation
2016-01-01,3 Series,39058.48,36714.97,43745.5,1.00382,BMW official MSRP anchors + simulated monthly market variation
2016-02-01,3 Series,39836.96,37446.74,44617.4,1.02382,BMW official MSRP anchors + simulated monthly market variation
2016-03-01,3 Series,39531.64,37159.75,44275.44,1.01598,BMW official MSRP anchors + simulated monthly market variation
2016-04-01,3 Series,39368.98,37006.84,44093.26,1.0118,BMW official MSRP anchors + simulated monthly market variation
2016-05-01,3 Series,38842.32,36511.78,43503.39,0.99826,BMW official MSRP anchors + simulated monthly market variation
2016-06-01,3 Series,39199.5,36847.53,43903.44,1.00744,BMW official MSRP anchors + simulated monthly market variation
2016-07-01,3 Series,38816.69,36487.68,43474.69,0.9976,BMW official MSRP anchors + simulated monthly market variation
2016-08-01,3 Series,39686.66,37305.46,44449.06,1.01996,BMW official MSRP anchors + simulated monthly market variation
2016-09-01,3 Series,39649.26,37270.3,44407.17,1.019,BMW official MSRP anchors + simulated monthly market variation
2016-10-01,3 Series,39343.69,36983.07,44064.93,1.01115,BMW official MSRP anchors + simulated monthly market variation
2016-11-01,3 Series,39335.76,36975.62,44056.06,1.01094,BMW official MSRP anchors + simulated monthly market variation
2016-12-01,3 Series,39882.67,37489.71,44668.59,1.025,BMW official MSRP anchors + simulated monthly market variation
2017-01-01,3 Series,39500.37,37130.35,44240.41,1.00331,BMW official MSRP anchors + simulated monthly market variation
2017-02-01,3 Series,39640.21,37261.8,44397.04,1.00686,BMW official MSRP anchors + simulated monthly market variation
2017-03-01,3 Series,40280.81,37863.96,45114.51,1.02313,BMW official MSRP anchors + simulated monthly market variation
2017-04-01,3 Series,40532.98,38101.0,45396.94,1.02954,BMW official MSRP anchors + simulated monthly market variation
2017-05-01,3 Series,40314.41,37895.55,45152.14,1.02399,BMW official MSRP anchors + simulated monthly market variation
2017-06-01,3 Series,39974.57,37576.09,44771.51,1.01536,BMW official MSRP anchors + simulated monthly market variation
2017-07-01,3 Series,39771.04,37384.78,44543.57,1.01019,BMW official MSRP anchors + simulated monthly market variation
2017-08-01,3 Series,40079.15,37674.4,44888.65,1.01801,BMW official MSRP anchors + simulated monthly market variation
2017-09-01,3 Series,39698.58,37316.67,44462.41,1.00835,BMW official MSRP anchors + simulated monthly market variation
2017-10-01,3 Series,40031.74,37629.84,44835.55,1.01681,BMW official MSRP anchors + simulated monthly market variation
2017-11-01,3 Series,39862.83,37471.06,44646.37,1.01252,BMW official MSRP anchors + simulated monthly market variation
2017-12-01,3 Series,40467.6,38039.55,45323.71,1.02788,BMW official MSRP anchors + simulated monthly market variation
2018-01-01,3 Series,40837.7,38387.43,45738.22,1.0253,BMW official MSRP anchors + simulated monthly market variation
2018-02-01,3 Series,40681.3,38240.43,45563.06,1.02137,BMW official MSRP anchors + simulated monthly market variation
2018-03-01,3 Series,40520.47,38089.24,45382.93,1.01734,BMW official MSRP anchors + simulated monthly market variation
2018-04-01,3 Series,41301.27,38823.2,46257.43,1.03694,BMW official MSRP anchors + simulated monthly market variation
2018-05-01,3 Series,41085.82,38620.67,46016.11,1.03153,BMW official MSRP anchors + simulated monthly market variation
2018-06-01,3 Series,40644.95,38206.26,45522.35,1.02046,BMW official MSRP anchors + simulated monthly market variation
2018-07-01,3 Series,40364.19,37942.34,45207.9,1.01341,BMW official MSRP anchors + simulated monthly market variation
2018-08-01,3 Series,41037.61,38575.35,45962.12,1.03032,BMW official MSRP anchors + simulated monthly market variation
2018-09-01,3 Series,41186.14,38714.97,46128.47,1.03405,BMW official MSRP anchors + simulated monthly market variation
2018-10-01,3 Series,40907.75,38453.28,45816.68,1.02706,BMW official MSRP anchors + simulated monthly market variation
2018-11-01,3 Series,40290.26,37872.85,45125.1,1.01156,BMW official MSRP anchors + simulated monthly market variation
2018-12-01,3 Series,40903.58,38449.37,45812.01,1.02695,BMW official MSRP anchors + simulated monthly market variation
2019-01-01,3 Series,41596.67,39100.87,46588.27,1.03243,BMW official MSRP anchors + simulated monthly market variation
2019-02-01,3 Series,41783.84,39276.81,46797.9,1.03708,BMW official MSRP anchors + simulated monthly market variation
2019-03-01,3 Series,41677.72,39177.06,46679.05,1.03444,BMW official MSRP anchors + simulated monthly market variation
2019-04-01,3 Series,41105.54,38639.21,46038.21,1.02024,BMW official MSRP anchors + simulated monthly market variation
2019-05-01,3 Series,41587.26,39092.02,46577.73,1.0322,BMW official MSRP anchors + simulated monthly market variation
2019-06-01,3 Series,41715.99,39213.03,46721.9,1.03539,BMW official MSRP anchors + simulated monthly market variation
2019-07-01,3 Series,41314.74,38835.86,46272.51,1.02543,BMW official MSRP anchors + simulated monthly market variation
2019-08-01,3 Series,41742.75,39238.19,46751.88,1.03606,BMW official MSRP anchors + simulated monthly market variation
2019-09-01,3 Series,41953.75,39436.52,46988.2,1.04129,BMW official MSRP anchors + simulated monthly market variation
2019-10-01,3 Series,41487.15,38997.92,46465.61,1.02971,BMW official MSRP anchors + simulated monthly market variation
2019-11-01,3 Series,41560.74,39067.1,46548.03,1.03154,BMW official MSRP anchors + simulated monthly market variation
2019-12-01,3 Series,41587.19,39091.96,46577.65,1.0322,BMW official MSRP anchors + simulated monthly market variation
2020-01-01,3 Series,43377.46,40774.81,48582.75,1.06448,BMW official MSRP anchors + simulated monthly market variation
2020-02-01,3 Series,42801.85,40233.74,47938.07,1.05035,BMW official MSRP anchors + simulated monthly market variation
2020-03-01,3 Series,42649.92,40090.92,47767.91,1.04662,BMW official MSRP anchors + simulated monthly market variation
2020-04-01,3 Series,42463.86,39916.03,47559.53,1.04206,BMW official MSRP anchors + simulated monthly market variation
2020-05-01,3 Series,42672.29,40111.96,47792.97,1.04717,BMW official MSRP anchors + simulated monthly market variation
2020-06-01,3 Series,42737.09,40172.87,47865.55,1.04876,BMW official MSRP anchors + simulated monthly market variation
2020-07-01,3 Series,42492.76,39943.19,47591.89,1.04277,BMW official MSRP anchors + simulated monthly market variation
2020-08-01,3 Series,43084.11,40499.07,48254.21,1.05728,BMW official MSRP anchors + simulated monthly market variation
2020-09-01,3 Series,42192.07,39660.54,47255.12,1.03539,BMW official MSRP anchors + simulated monthly market variation
2020-10-01,3 Series,43437.59,40831.33,48650.1,1.06595,BMW official MSRP anchors + simulated monthly market variation
2020-11-01,3 Series,42499.99,39949.99,47599.98,1.04294,BMW official MSRP anchors + simulated monthly market variation
2020-12-01,3 Series,42701.29,40139.21,47825.45,1.04788,BMW official MSRP anchors + simulated monthly market variation
2021-01-01,3 Series,45743.02,42998.44,51232.18,1.0902,BMW official MSRP anchors + simulated monthly market variation
2021-02-01,3 Series,45849.99,43098.99,51351.99,1.09275,BMW official MSRP anchors + simulated monthly market variation
2021-03-01,3 Series,45302.31,42584.17,50738.59,1.0797,BMW official MSRP anchors + simulated monthly market variation
2021-04-01,3 Series,45987.54,43228.29,51506.04,1.09603,BMW official MSRP anchors + simulated monthly market variation
2021-05-01,3 Series,45137.03,42428.81,50553.47,1.07576,BMW official MSRP anchors + simulated monthly market variation
2021-06-01,3 Series,45513.43,42782.63,50975.05,1.08473,BMW official MSRP anchors + simulated monthly market variation
2021-07-01,3 Series,45543.71,42811.09,51008.95,1.08545,BMW official MSRP anchors + simulated monthly market variation
2021-08-01,3 Series,45656.96,42917.54,51135.79,1.08815,BMW official MSRP anchors + simulated monthly market variation
2021-09-01,3 Series,45526.41,42794.82,50989.58,1.08504,BMW official MSRP anchors + simulated monthly market variation
2021-10-01,3 Series,45012.27,42311.54,50413.75,1.07279,BMW official MSRP anchors + simulated monthly market variation
2021-11-01,3 Series,46011.04,43250.38,51532.37,1.09659,BMW official MSRP anchors + simulated monthly market variation
2021-12-01,3 Series,45893.37,43139.77,51400.58,1.09378,BMW official MSRP anchors + simulated monthly market variation
2022-01-01,3 Series,46770.29,43964.07,52382.72,1.08348,BMW official MSRP anchors + simulated monthly market variation
2022-02-01,3 Series,46522.51,43731.16,52105.21,1.07774,BMW official MSRP anchors + simulated monthly market variation
2022-03-01,3 Series,47163.64,44333.82,52823.28,1.09259,BMW official MSRP anchors + simulated monthly market variation
2022-04-01,3 Series,46493.64,43704.02,52072.88,1.07707,BMW official MSRP anchors + simulated monthly market variation
2022-05-01,3 Series,47012.97,44192.19,52654.53,1.0891,BMW official MSRP anchors + simulated monthly market variation
2022-06-01,3 Series,46996.97,44177.15,52636.6,1.08873,BMW official MSRP anchors + simulated monthly market variation
2022-07-01,3 Series,47856.94,44985.53,53599.78,1.10866,BMW official MSRP anchors + simulated monthly market variation
2022-08-01,3 Series,47151.74,44322.64,52809.95,1.09232,BMW official MSRP anchors + simulated monthly market variation
2022-09-01,3 Series,46238.33,43464.03,51786.93,1.07116,BMW official MSRP anchors + simulated monthly market variation
2022-10-01,3 Series,46933.46,44117.45,52565.47,1.08726,BMW official MSRP anchors + simulated monthly market variation
2022-11-01,3 Series,46567.27,43773.24,52155.34,1.07878,BMW official MSRP anchors + simulated monthly market variation
2022-12-01,3 Series,46339.76,43559.37,51900.53,1.07351,BMW official MSRP anchors + simulated monthly market variation
2023-01-01,3 Series,47129.56,44301.79,52785.11,1.06207,BMW official MSRP anchors + simulated monthly market variation
2023-02-01,3 Series,47188.9,44357.57,52851.57,1.06341,BMW official MSRP anchors + simulated monthly market variation
2023-03-01,3 Series,47335.08,44494.97,53015.29,1.06671,BMW official MSRP anchors + simulated monthly market variation
2023-04-01,3 Series,47346.09,44505.33,53027.62,1.06695,BMW official MSRP anchors + simulated monthly market variation
2023-05-01,3 Series,47327.28,44487.65,53006.56,1.06653,BMW official MSRP anchors + simulated monthly market variation
2023-06-01,3 Series,47133.5,44305.49,52789.52,1.06216,BMW official MSRP anchors + simulated monthly market variation
2023-07-01,3 Series,47262.45,44426.71,52933.95,1.06507,BMW official MSRP anchors + simulated monthly market variation
2023-08-01,3 Series,47293.83,44456.2,52969.09,1.06578,BMW official MSRP anchors + simulated monthly market variation
2023-09-01,3 Series,46836.19,44026.02,52456.53,1.05546,BMW official MSRP anchors + simulated monthly market variation
2023-10-01,3 Series,47575.51,44720.98,53284.57,1.07212,BMW official MSRP anchors + simulated monthly market variation
2023-11-01,3 Series,47217.07,44384.05,52883.12,1.06405,BMW official MSRP anchors + simulated monthly market variation
2023-12-01,3 Series,47329.01,44489.27,53008.49,1.06657,BMW official MSRP anchors + simulated monthly market variation
2024-01-01,3 Series,49068.72,46124.6,54956.97,1.07646,BMW official MSRP anchors + simulated monthly market variation
2024-02-01,3 Series,48578.86,45664.13,54408.32,1.06572,BMW official MSRP anchors + simulated monthly market variation
2024-03-01,3 Series,48956.33,46018.95,54831.09,1.074,BMW official MSRP anchors + simulated monthly market variation
2024-04-01,3 Series,49326.35,46366.77,55245.51,1.08211,BMW official MSRP anchors + simulated monthly market variation
2024-05-01,3 Series,48199.21,45307.26,53983.12,1.05739,BMW official MSRP anchors + simulated monthly market variation
2024-06-01,3 Series,48676.12,45755.55,54517.25,1.06785,BMW official MSRP anchors + simulated monthly market variation
2024-07-01,3 Series,49201.34,46249.26,55105.5,1.07937,BMW official MSRP anchors + simulated monthly market variation
2024-08-01,3 Series,48977.58,46038.93,54854.89,1.07446,BMW official MSRP anchors + simulated monthly market variation
2024-09-01,3 Series,49363.35,46401.55,55286.95,1.08293,BMW official MSRP anchors + simulated monthly market variation
2024-10-01,3 Series,48327.41,45427.76,54126.7,1.0602,BMW official MSRP anchors + simulated monthly market variation
2024-11-01,3 Series,49296.35,46338.57,55211.91,1.08146,BMW official MSRP anchors + simulated monthly market variation
2024-12-01,3 Series,49367.96,46405.89,55292.12,1.08303,BMW official MSRP anchors + simulated monthly market variation
2025-01-01,3 Series,49969.81,46971.62,55966.18,1.06792,BMW official MSRP anchors + simulated monthly market variation
2025-02-01,3 Series,50104.03,47097.78,56116.51,1.07079,BMW official MSRP anchors + simulated monthly market variation
2025-03-01,3 Series,50900.48,47846.45,57008.54,1.08781,BMW official MSRP anchors + simulated monthly market variation
2025-04-01,3 Series,51296.52,48218.72,57452.1,1.09627,BMW official MSRP anchors + simulated monthly market variation
2025-05-01,3 Series,50018.69,47017.57,56020.93,1.06897,BMW official MSRP anchors + simulated monthly market variation
2025-06-01,3 Series,50803.46,47755.25,56899.87,1.08574,BMW official MSRP anchors + simulated monthly market variation
2025-07-01,3 Series,50591.43,47555.94,56662.4,1.08121,BMW official MSRP anchors + simulated monthly market variation
2025-08-01,3 Series,51127.44,48059.8,57262.74,1.09266,BMW official MSRP anchors + simulated monthly market variation
2025-09-01,3 Series,50820.82,47771.57,56919.32,1.08611,BMW official MSRP anchors + simulated monthly market variation
2025-10-01,3 Series,51098.1,48032.22,57229.87,1.09203,BMW official MSRP anchors + simulated monthly market variation
2025-11-01,3 Series,50312.32,47293.58,56349.8,1.07524,BMW official MSRP anchors + simulated monthly market variation
2025-12-01,3 Series,50568.62,47534.5,56636.85,1.08072,BMW official MSRP anchors + simulated monthly market variation
2026-01-01,3 Series,52378.45,49235.74,58663.87,1.09122,BMW official MSRP anchors + simulated monthly market variation
2026-02-01,3 Series,52416.91,49271.9,58706.94,1.09202,BMW official MSRP anchors + simulated monthly market variation
2026-03-01,3 Series,52459.32,49311.76,58754.44,1.0929,BMW official MSRP anchors + simulated monthly market variation
2026-04-01,3 Series,52805.73,49637.39,59142.42,1.10012,BMW official MSRP anchors + simulated monthly market variation
2026-05-01,3 Series,52358.68,49217.16,58641.73,1.09081,BMW official MSRP anchors + simulated monthly market variation
2026-06-01,3 Series,52800.64,49632.6,59136.71,1.10001,BMW official MSRP anchors + simulated monthly market variation
2026-07-01,3 Series,52471.09,49322.82,58767.62,1.09315,BMW official MSRP anchors + simulated monthly market variation
2015-01-01,5 Series,51302.27,48224.14,57458.55,1.0079,BMW official MSRP anchors + simulated monthly market variation
2015-02-01,5 Series,50836.18,47786.01,56936.52,0.99875,BMW official MSRP anchors + simulated monthly market variation
2015-03-01,5 Series,50768.58,47722.47,56860.81,0.99742,BMW official MSRP anchors + simulated monthly market variation
2015-04-01,5 Series,50598.69,47562.77,56670.54,0.99408,BMW official MSRP anchors + simulated monthly market variation
2015-05-01,5 Series,50366.37,47344.38,56410.33,0.98952,BMW official MSRP anchors + simulated monthly market variation
2015-06-01,5 Series,50674.45,47633.98,56755.38,0.99557,BMW official MSRP anchors + simulated monthly market variation
2015-07-01,5 Series,50550.1,47517.1,56616.11,0.99313,BMW official MSRP anchors + simulated monthly market variation
2015-08-01,5 Series,51043.08,47980.5,57168.25,1.00281,BMW official MSRP anchors + simulated monthly market variation
2015-09-01,5 Series,50768.68,47722.56,56860.92,0.99742,BMW official MSRP anchors + simulated monthly market variation
2015-10-01,5 Series,50588.73,47553.41,56659.38,0.99388,BMW official MSRP anchors + simulated monthly market variation
2015-11-01,5 Series,51620.5,48523.27,57814.96,1.01416,BMW official MSRP anchors + simulated monthly market variation
2015-12-01,5 Series,50036.62,47034.42,56041.01,0.98304,BMW official MSRP anchors + simulated monthly market variation
2016-01-01,5 Series,51517.64,48426.59,57699.76,1.00034,BMW official MSRP anchors + simulated monthly market variation
2016-02-01,5 Series,52779.51,49612.74,59113.05,1.02484,BMW official MSRP anchors + simulated monthly market variation
2016-03-01,5 Series,51733.46,48629.45,57941.47,1.00453,BMW official MSRP anchors + simulated monthly market variation
2016-04-01,5 Series,51869.83,48757.64,58094.21,1.00718,BMW official MSRP anchors + simulated monthly market variation
2016-05-01,5 Series,52843.77,49673.15,59185.03,1.02609,BMW official MSRP anchors + simulated monthly market variation
2016-06-01,5 Series,52123.76,48996.33,58378.61,1.01211,BMW official MSRP anchors + simulated monthly market variation
2016-07-01,5 Series,51979.18,48860.43,58216.68,1.0093,BMW official MSRP anchors + simulated monthly market variation
2016-08-01,5 Series,51981.45,48862.56,58219.22,1.00935,BMW official MSRP anchors + simulated monthly market variation
2016-09-01,5 Series,51579.18,48484.43,57768.68,1.00154,BMW official MSRP anchors + simulated monthly market variation
2016-10-01,5 Series,52260.51,49124.88,58531.78,1.01477,BMW official MSRP anchors + simulated monthly market variation
2016-11-01,5 Series,51362.18,48280.45,57525.64,0.99732,BMW official MSRP anchors + simulated monthly market variation
2016-12-01,5 Series,52151.73,49022.63,58409.94,1.01266,BMW official MSRP anchors + simulated monthly market variation
2017-01-01,5 Series,52525.19,49373.68,58828.21,1.00816,BMW official MSRP anchors + simulated monthly market variation
2017-02-01,5 Series,52873.72,49701.3,59218.57,1.01485,BMW official MSRP anchors + simulated monthly market variation
2017-03-01,5 Series,53322.82,50123.45,59721.56,1.02347,BMW official MSRP anchors + simulated monthly market variation
2017-04-01,5 Series,52982.94,49803.96,59340.89,1.01695,BMW official MSRP anchors + simulated monthly market variation
2017-05-01,5 Series,53369.39,50167.23,59773.72,1.02436,BMW official MSRP anchors + simulated monthly market variation
2017-06-01,5 Series,53173.6,49983.19,59554.43,1.02061,BMW official MSRP anchors + simulated monthly market variation
2017-07-01,5 Series,53446.6,50239.8,59860.19,1.02585,BMW official MSRP anchors + simulated monthly market variation
2017-08-01,5 Series,52411.05,49266.39,58700.38,1.00597,BMW official MSRP anchors + simulated monthly market variation
2017-09-01,5 Series,53234.79,50040.7,59622.96,1.02178,BMW official MSRP anchors + simulated monthly market variation
2017-10-01,5 Series,52870.78,49698.53,59215.27,1.01479,BMW official MSRP anchors + simulated monthly market variation
2017-11-01,5 Series,53648.99,50430.05,60086.87,1.02973,BMW official MSRP anchors + simulated monthly market variation
2017-12-01,5 Series,53604.63,50388.35,60037.18,1.02888,BMW official MSRP anchors + simulated monthly market variation
2018-01-01,5 Series,54082.48,50837.53,60572.38,1.02623,BMW official MSRP anchors + simulated monthly market variation
2018-02-01,5 Series,53482.43,50273.48,59900.32,1.01485,BMW official MSRP anchors + simulated monthly market variation
2018-03-01,5 Series,53645.16,50426.45,60082.58,1.01793,BMW official MSRP anchors + simulated monthly market variation
2018-04-01,5 Series,53845.96,50615.21,60307.48,1.02175,BMW official MSRP anchors + simulated monthly market variation
2018-05-01,5 Series,54581.74,51306.84,61131.55,1.03571,BMW official MSRP anchors + simulated monthly market variation
2018-06-01,5 Series,54582.89,51307.92,61132.84,1.03573,BMW official MSRP anchors + simulated monthly market variation
2018-07-01,5 Series,54431.17,51165.3,60962.91,1.03285,BMW official MSRP anchors + simulated monthly market variation
2018-08-01,5 Series,53371.03,50168.77,59775.56,1.01273,BMW official MSRP anchors + simulated monthly market variation
2018-09-01,5 Series,53361.17,50159.5,59764.51,1.01255,BMW official MSRP anchors + simulated monthly market variation
2018-10-01,5 Series,53023.01,49841.63,59385.77,1.00613,BMW official MSRP anchors + simulated monthly market variation
2018-11-01,5 Series,53810.97,50582.31,60268.28,1.02108,BMW official MSRP anchors + simulated monthly market variation
2018-12-01,5 Series,53584.72,50369.64,60014.89,1.01679,BMW official MSRP anchors + simulated monthly market variation
2019-01-01,5 Series,54180.27,50929.45,60681.9,1.01652,BMW official MSRP anchors + simulated monthly market variation
2019-02-01,5 Series,55049.13,51746.18,61655.02,1.03282,BMW official MSRP anchors + simulated monthly market variation
2019-03-01,5 Series,54893.91,51600.28,61481.18,1.0299,BMW official MSRP anchors + simulated monthly market variation
2019-04-01,5 Series,55500.92,52170.87,62161.04,1.04129,BMW official MSRP anchors + simulated monthly market variation
2019-05-01,5 Series,55380.14,52057.33,62025.75,1.03903,BMW official MSRP anchors + simulated monthly market variation
2019-06-01,5 Series,54458.54,51191.03,60993.57,1.02174,BMW official MSRP anchors + simulated monthly market variation
2019-07-01,5 Series,54756.43,51471.04,61327.2,1.02733,BMW official MSRP anchors + simulated monthly market variation
2019-08-01,5 Series,55297.31,51979.47,61932.98,1.03747,BMW official MSRP anchors + simulated monthly market variation
2019-09-01,5 Series,55340.3,52019.88,61981.13,1.03828,BMW official MSRP anchors + simulated monthly market variation
2019-10-01,5 Series,55046.51,51743.72,61652.09,1.03277,BMW official MSRP anchors + simulated monthly market variation
2019-11-01,5 Series,54088.84,50843.51,60579.5,1.0148,BMW official MSRP anchors + simulated monthly market variation
2019-12-01,5 Series,54979.97,51681.17,61577.57,1.03152,BMW official MSRP anchors + simulated monthly market variation
2020-01-01,5 Series,56649.32,53250.37,63447.24,1.05101,BMW official MSRP anchors + simulated monthly market variation
2020-02-01,5 Series,57477.79,54029.12,64375.13,1.06638,BMW official MSRP anchors + simulated monthly market variation
2020-03-01,5 Series,56279.61,52902.83,63033.16,1.04415,BMW official MSRP anchors + simulated monthly market variation
2020-04-01,5 Series,56028.9,52667.16,62752.37,1.0395,BMW official MSRP anchors + simulated monthly market variation
2020-05-01,5 Series,56739.17,53334.82,63547.87,1.05267,BMW official MSRP anchors + simulated monthly market variation
2020-06-01,5 Series,56542.97,53150.39,63328.13,1.04903,BMW official MSRP anchors + simulated monthly market variation
2020-07-01,5 Series,56785.89,53378.74,63600.2,1.05354,BMW official MSRP anchors + simulated monthly market variation
2020-08-01,5 Series,56942.88,53526.3,63776.02,1.05645,BMW official MSRP anchors + simulated monthly market variation
2020-09-01,5 Series,57272.59,53836.23,64145.3,1.06257,BMW official MSRP anchors + simulated monthly market variation
2020-10-01,5 Series,56701.24,53299.17,63505.39,1.05197,BMW official MSRP anchors + simulated monthly market variation
2020-11-01,5 Series,56811.84,53403.13,63629.26,1.05402,BMW official MSRP anchors + simulated monthly market variation
2020-12-01,5 Series,56543.08,53150.49,63328.25,1.04904,BMW official MSRP anchors + simulated monthly market variation
2021-01-01,5 Series,59069.5,55525.33,66157.84,1.07988,BMW official MSRP anchors + simulated monthly market variation
2021-02-01,5 Series,59608.51,56032.0,66761.53,1.08974,BMW official MSRP anchors + simulated monthly market variation
2021-03-01,5 Series,59002.49,55462.34,66082.78,1.07866,BMW official MSRP anchors + simulated monthly market variation
2021-04-01,5 Series,58862.86,55331.09,65926.41,1.0761,BMW official MSRP anchors + simulated monthly market variation
2021-05-01,5 Series,59570.11,55995.9,66718.52,1.08903,BMW official MSRP anchors + simulated monthly market variation
2021-06-01,5 Series,60232.46,56618.52,67460.36,1.10114,BMW official MSRP anchors + simulated monthly market variation
2021-07-01,5 Series,59517.58,55946.52,66659.69,1.08807,BMW official MSRP anchors + simulated monthly market variation
2021-08-01,5 Series,59640.15,56061.74,66796.97,1.09031,BMW official MSRP anchors + simulated monthly market variation
2021-09-01,5 Series,58119.31,54632.15,65093.63,1.06251,BMW official MSRP anchors + simulated monthly market variation
2021-10-01,5 Series,60086.86,56481.65,67297.29,1.09848,BMW official MSRP anchors + simulated monthly market variation
2021-11-01,5 Series,59044.16,55501.51,66129.46,1.07942,BMW official MSRP anchors + simulated monthly market variation
2021-12-01,5 Series,60199.35,56587.39,67423.27,1.10054,BMW official MSRP anchors + simulated monthly market variation
2022-01-01,5 Series,60050.64,56447.6,67256.71,1.08199,BMW official MSRP anchors + simulated monthly market variation
2022-02-01,5 Series,60527.22,56895.59,67790.49,1.09058,BMW official MSRP anchors + simulated monthly market variation
2022-03-01,5 Series,59641.31,56062.83,66798.26,1.07462,BMW official MSRP anchors + simulated monthly market variation
2022-04-01,5 Series,60326.5,56706.91,67565.68,1.08696,BMW official MSRP anchors + simulated monthly market variation
2022-05-01,5 Series,60185.52,56574.39,67407.78,1.08442,BMW official MSRP anchors + simulated monthly market variation
2022-06-01,5 Series,59871.07,56278.8,67055.59,1.07876,BMW official MSRP anchors + simulated monthly market variation
2022-07-01,5 Series,60315.63,56696.69,67553.51,1.08677,BMW official MSRP anchors + simulated monthly market variation
2022-08-01,5 Series,60190.43,56579.0,67413.28,1.08451,BMW official MSRP anchors + simulated monthly market variation
2022-09-01,5 Series,59469.73,55901.54,66606.1,1.07153,BMW official MSRP anchors + simulated monthly market variation
2022-10-01,5 Series,59439.57,55873.2,66572.32,1.07098,BMW official MSRP anchors + simulated monthly market variation
2022-11-01,5 Series,60330.25,56710.44,67569.88,1.08703,BMW official MSRP anchors + simulated monthly market variation
2022-12-01,5 Series,60051.8,56448.7,67258.02,1.08201,BMW official MSRP anchors + simulated monthly market variation
2023-01-01,5 Series,59662.35,56082.61,66821.83,1.05972,BMW official MSRP anchors + simulated monthly market variation
2023-02-01,5 Series,59688.22,56106.92,66850.8,1.06018,BMW official MSRP anchors + simulated monthly market variation
2023-03-01,5 Series,59998.05,56398.16,67197.81,1.06568,BMW official MSRP anchors + simulated monthly market variation
2023-04-01,5 Series,59915.92,56320.97,67105.84,1.06423,BMW official MSRP anchors + simulated monthly market variation
2023-05-01,5 Series,59978.12,56379.43,67175.49,1.06533,BMW official MSRP anchors + simulated monthly market variation
2023-06-01,5 Series,59819.34,56230.18,66997.66,1.06251,BMW official MSRP anchors + simulated monthly market variation
2023-07-01,5 Series,60098.99,56493.05,67310.87,1.06748,BMW official MSRP anchors + simulated monthly market variation
2023-08-01,5 Series,58834.83,55304.74,65895.01,1.04502,BMW official MSRP anchors + simulated monthly market variation
2023-09-01,5 Series,60106.87,56500.46,67319.69,1.06762,BMW official MSRP anchors + simulated monthly market variation
2023-10-01,5 Series,60478.29,56849.6,67735.69,1.07421,BMW official MSRP anchors + simulated monthly market variation
2023-11-01,5 Series,59918.99,56323.85,67109.26,1.06428,BMW official MSRP anchors + simulated monthly market variation
2023-12-01,5 Series,59340.84,55780.39,66461.74,1.05401,BMW official MSRP anchors + simulated monthly market variation
2024-01-01,5 Series,60734.44,57090.38,68022.58,1.06365,BMW official MSRP anchors + simulated monthly market variation
2024-02-01,5 Series,61551.65,57858.55,68937.85,1.07796,BMW official MSRP anchors + simulated monthly market variation
2024-03-01,5 Series,61328.01,57648.33,68687.37,1.07405,BMW official MSRP anchors + simulated monthly market variation
2024-04-01,5 Series,61172.3,57501.96,68512.97,1.07132,BMW official MSRP anchors + simulated monthly market variation
2024-05-01,5 Series,60691.4,57049.91,67974.36,1.0629,BMW official MSRP anchors + simulated monthly market variation
2024-06-01,5 Series,61300.8,57622.75,68656.9,1.07357,BMW official MSRP anchors + simulated monthly market variation
2024-07-01,5 Series,60674.93,57034.44,67955.93,1.06261,BMW official MSRP anchors + simulated monthly market variation
2024-08-01,5 Series,61035.61,57373.47,68359.88,1.06892,BMW official MSRP anchors + simulated monthly market variation
2024-09-01,5 Series,61523.25,57831.85,68906.04,1.07746,BMW official MSRP anchors + simulated monthly market variation
2024-10-01,5 Series,60519.06,56887.92,67781.35,1.05988,BMW official MSRP anchors + simulated monthly market variation
2024-11-01,5 Series,61161.82,57492.11,68501.24,1.07114,BMW official MSRP anchors + simulated monthly market variation
2024-12-01,5 Series,61219.33,57546.17,68565.65,1.07214,BMW official MSRP anchors + simulated monthly market variation
2025-01-01,5 Series,62145.21,58416.5,69602.64,1.07332,BMW official MSRP anchors + simulated monthly market variation
2025-02-01,5 Series,62848.68,59077.76,70390.52,1.08547,BMW official MSRP anchors + simulated monthly market variation
2025-03-01,5 Series,61085.16,57420.05,68415.38,1.05501,BMW official MSRP anchors + simulated monthly market variation
2025-04-01,5 Series,62523.36,58771.96,70026.17,1.07985,BMW official MSRP anchors + simulated monthly market variation
2025-05-01,5 Series,61779.71,58072.93,69193.28,1.06701,BMW official MSRP anchors + simulated monthly market variation
2025-06-01,5 Series,62216.25,58483.28,69682.2,1.07455,BMW official MSRP anchors + simulated monthly market variation
2025-07-01,5 Series,62933.8,59157.77,70485.86,1.08694,BMW official MSRP anchors + simulated monthly market variation
2025-08-01,5 Series,62471.82,58723.51,69968.44,1.07896,BMW official MSRP anchors + simulated monthly market variation
2025-09-01,5 Series,63220.97,59427.71,70807.49,1.0919,BMW official MSRP anchors + simulated monthly market variation
2025-10-01,5 Series,62229.74,58495.95,69697.31,1.07478,BMW official MSRP anchors + simulated monthly market variation
2025-11-01,5 Series,62849.57,59078.6,70391.52,1.08548,BMW official MSRP anchors + simulated monthly market variation
2025-12-01,5 Series,61760.63,58054.99,69171.91,1.06668,BMW official MSRP anchors + simulated monthly market variation
2026-01-01,5 Series,63149.91,59360.92,70727.9,1.07581,BMW official MSRP anchors + simulated monthly market variation
2026-02-01,5 Series,63599.11,59783.16,71231.0,1.08346,BMW official MSRP anchors + simulated monthly market variation
2026-03-01,5 Series,64273.39,60416.99,71986.2,1.09495,BMW official MSRP anchors + simulated monthly market variation
2026-04-01,5 Series,63212.78,59420.02,70798.32,1.07688,BMW official MSRP anchors + simulated monthly market variation
2026-05-01,5 Series,64685.88,60804.73,72448.19,1.10197,BMW official MSRP anchors + simulated monthly market variation
2026-06-01,5 Series,64349.58,60488.6,72071.52,1.09624,BMW official MSRP anchors + simulated monthly market variation
2026-07-01,5 Series,64732.09,60848.17,72499.94,1.10276,BMW official MSRP anchors + simulated monthly market variation
2015-01-01,7 Series,81506.29,76615.92,91287.05,1.00625,BMW official MSRP anchors + simulated monthly market variation
2015-02-01,7 Series,81116.97,76249.95,90851.0,1.00144,BMW official MSRP anchors + simulated monthly market variation
2015-03-01,7 Series,81981.36,77062.48,91819.12,1.01212,BMW official MSRP anchors + simulated monthly market variation
2015-04-01,7 Series,80278.68,75461.96,89912.13,0.99109,BMW official MSRP anchors + simulated monthly market variation
2015-05-01,7 Series,81241.88,76367.37,90990.91,1.00299,BMW official MSRP anchors + simulated monthly market variation
2015-06-01,7 Series,80722.4,75879.06,90409.09,0.99657,BMW official MSRP anchors + simulated monthly market variation
2015-07-01,7 Series,80069.12,75264.97,89677.41,0.98851,BMW official MSRP anchors + simulated monthly market variation
2015-08-01,7 Series,80808.45,75959.94,90505.46,0.99764,BMW official MSRP anchors + simulated monthly market variation
2015-09-01,7 Series,81764.12,76858.27,91575.81,1.00943,BMW official MSRP anchors + simulated monthly market variation
2015-10-01,7 Series,81180.26,76309.44,90921.89,1.00223,BMW official MSRP anchors + simulated monthly market variation
2015-11-01,7 Series,81996.88,77077.07,91836.51,1.01231,BMW official MSRP anchors + simulated monthly market variation
2015-12-01,7 Series,81063.73,76199.9,90791.38,1.00079,BMW official MSRP anchors + simulated monthly market variation
2016-01-01,7 Series,83280.57,78283.73,93274.24,1.0145,BMW official MSRP anchors + simulated monthly market variation
2016-02-01,7 Series,82661.09,77701.42,92580.42,1.00696,BMW official MSRP anchors + simulated monthly market variation
2016-03-01,7 Series,82880.56,77907.72,92826.22,1.00963,BMW official MSRP anchors + simulated monthly market variation
2016-04-01,7 Series,82289.04,77351.7,92163.73,1.00242,BMW official MSRP anchors + simulated monthly market variation
2016-05-01,7 Series,82610.77,77654.13,92524.06,1.00634,BMW official MSRP anchors + simulated monthly market variation
2016-06-01,7 Series,82386.28,77443.1,92272.63,1.00361,BMW official MSRP anchors + simulated monthly market variation
2016-07-01,7 Series,82519.57,77568.4,92421.92,1.00523,BMW official MSRP anchors + simulated monthly market variation
2016-08-01,7 Series,82689.0,77727.66,92611.68,1.0073,BMW official MSRP anchors + simulated monthly market variation
2016-09-01,7 Series,81915.58,77000.65,91745.45,0.99788,BMW official MSRP anchors + simulated monthly market variation
2016-10-01,7 Series,83317.64,78318.58,93315.76,1.01495,BMW official MSRP anchors + simulated monthly market variation
2016-11-01,7 Series,82496.26,77546.49,92395.81,1.00495,BMW official MSRP anchors + simulated monthly market variation
2016-12-01,7 Series,82409.1,77464.55,92298.19,1.00389,BMW official MSRP anchors + simulated monthly market variation
2017-01-01,7 Series,83412.95,78408.18,93422.51,1.0028,BMW official MSRP anchors + simulated monthly market variation
2017-02-01,7 Series,84826.08,79736.52,95005.21,1.01979,BMW official MSRP anchors + simulated monthly market variation
2017-03-01,7 Series,84768.88,79682.74,94941.14,1.0191,BMW official MSRP anchors + simulated monthly market variation
2017-04-01,7 Series,84730.41,79646.58,94898.05,1.01864,BMW official MSRP anchors + simulated monthly market variation
2017-05-01,7 Series,84095.01,79049.31,94186.41,1.011,BMW official MSRP anchors + simulated monthly market variation
2017-06-01,7 Series,84257.95,79202.48,94368.91,1.01296,BMW official MSRP anchors + simulated monthly market variation
2017-07-01,7 Series,83294.3,78296.64,93289.61,1.00137,BMW official MSRP anchors + simulated monthly market variation
2017-08-01,7 Series,84507.85,79437.38,94648.8,1.01596,BMW official MSRP anchors + simulated monthly market variation
2017-09-01,7 Series,85188.22,80076.92,95410.8,1.02414,BMW official MSRP anchors + simulated monthly market variation
2017-10-01,7 Series,84021.35,78980.07,94103.91,1.01011,BMW official MSRP anchors + simulated monthly market variation
2017-11-01,7 Series,84736.81,79652.6,94905.22,1.01872,BMW official MSRP anchors + simulated monthly market variation
2017-12-01,7 Series,83827.51,78797.86,93886.81,1.00778,BMW official MSRP anchors + simulated monthly market variation
2018-01-01,7 Series,85544.83,80412.14,95810.21,1.01513,BMW official MSRP anchors + simulated monthly market variation
2018-02-01,7 Series,85978.8,80820.08,96296.26,1.02028,BMW official MSRP anchors + simulated monthly market variation
2018-03-01,7 Series,86337.56,81157.31,96698.07,1.02453,BMW official MSRP anchors + simulated monthly market variation
2018-04-01,7 Series,86045.37,80882.64,96370.81,1.02107,BMW official MSRP anchors + simulated monthly market variation
2018-05-01,7 Series,86744.95,81540.25,97154.34,1.02937,BMW official MSRP anchors + simulated monthly market variation
2018-06-01,7 Series,86366.98,81184.96,96731.01,1.02488,BMW official MSRP anchors + simulated monthly market variation
2018-07-01,7 Series,86443.71,81257.09,96816.95,1.02579,BMW official MSRP anchors + simulated monthly market variation
2018-08-01,7 Series,86350.18,81169.16,96712.2,1.02468,BMW official MSRP anchors + simulated monthly market variation
2018-09-01,7 Series,87538.15,82285.86,98042.73,1.03878,BMW official MSRP anchors + simulated monthly market variation
2018-10-01,7 Series,86532.35,81340.41,96916.24,1.02685,BMW official MSRP anchors + simulated monthly market variation
2018-11-01,7 Series,87020.08,81798.87,97462.49,1.03263,BMW official MSRP anchors + simulated monthly market variation
2018-12-01,7 Series,87502.45,82252.3,98002.74,1.03836,BMW official MSRP anchors + simulated monthly market variation
2019-01-01,7 Series,88909.09,83574.55,99578.18,1.04158,BMW official MSRP anchors + simulated monthly market variation
2019-02-01,7 Series,88255.46,82960.13,98846.11,1.03392,BMW official MSRP anchors + simulated monthly market variation
2019-03-01,7 Series,89617.93,84240.85,100372.08,1.04988,BMW official MSRP anchors + simulated monthly market variation
2019-04-01,7 Series,88361.5,83059.81,98964.88,1.03516,BMW official MSRP anchors + simulated monthly market variation
2019-05-01,7 Series,87323.37,82083.97,97802.18,1.023,BMW official MSRP anchors + simulated monthly market variation
2019-06-01,7 Series,88672.08,83351.76,99312.73,1.0388,BMW official MSRP anchors + simulated monthly market variation
2019-07-01,7 Series,88426.89,83121.28,99038.12,1.03593,BMW official MSRP anchors + simulated monthly market variation
2019-08-01,7 Series,87792.76,82525.19,98327.89,1.0285,BMW official MSRP anchors + simulated monthly market variation
2019-09-01,7 Series,88715.57,83392.64,99361.44,1.03931,BMW official MSRP anchors + simulated monthly market variation
2019-10-01,7 Series,87660.97,82401.31,98180.29,1.02696,BMW official MSRP anchors + simulated monthly market variation
2019-11-01,7 Series,87445.6,82198.86,97939.07,1.02443,BMW official MSRP anchors + simulated monthly market variation
2019-12-01,7 Series,87967.99,82689.91,98524.15,1.03055,BMW official MSRP anchors + simulated monthly market variation
2020-01-01,7 Series,91285.4,85808.27,102239.65,1.05593,BMW official MSRP anchors + simulated monthly market variation
2020-02-01,7 Series,91555.3,86061.98,102541.93,1.05905,BMW official MSRP anchors + simulated monthly market variation
2020-03-01,7 Series,91016.67,85555.67,101938.67,1.05282,BMW official MSRP anchors + simulated monthly market variation
2020-04-01,7 Series,92005.59,86485.25,103046.26,1.06426,BMW official MSRP anchors + simulated monthly market variation
2020-05-01,7 Series,90655.36,85216.04,101534.0,1.04864,BMW official MSRP anchors + simulated monthly market variation
2020-06-01,7 Series,91244.29,85769.63,102193.6,1.05546,BMW official MSRP anchors + simulated monthly market variation
2020-07-01,7 Series,91323.22,85843.83,102282.01,1.05637,BMW official MSRP anchors + simulated monthly market variation
2020-08-01,7 Series,89556.11,84182.74,100302.84,1.03593,BMW official MSRP anchors + simulated monthly market variation
2020-09-01,7 Series,91023.68,85562.26,101946.52,1.05291,BMW official MSRP anchors + simulated monthly market variation
2020-10-01,7 Series,91853.23,86342.04,102875.62,1.0625,BMW official MSRP anchors + simulated monthly market variation
2020-11-01,7 Series,91292.87,85815.3,102248.02,1.05602,BMW official MSRP anchors + simulated monthly market variation
2020-12-01,7 Series,90789.19,85341.84,101683.89,1.05019,BMW official MSRP anchors + simulated monthly market variation
2021-01-01,7 Series,95856.25,90104.88,107359.0,1.08058,BMW official MSRP anchors + simulated monthly market variation
2021-02-01,7 Series,96823.28,91013.88,108442.07,1.09148,BMW official MSRP anchors + simulated monthly market variation
2021-03-01,7 Series,95552.26,89819.12,107018.53,1.07715,BMW official MSRP anchors + simulated monthly market variation
2021-04-01,7 Series,97070.49,91246.26,108718.95,1.09427,BMW official MSRP anchors + simulated monthly market variation
2021-05-01,7 Series,95858.87,90107.34,107361.93,1.08061,BMW official MSRP anchors + simulated monthly market variation
2021-06-01,7 Series,95704.44,89962.17,107188.97,1.07887,BMW official MSRP anchors + simulated monthly market variation
2021-07-01,7 Series,95758.86,90013.33,107249.93,1.07948,BMW official MSRP anchors + simulated monthly market variation
2021-08-01,7 Series,95940.62,90184.18,107453.49,1.08153,BMW official MSRP anchors + simulated monthly market variation
2021-09-01,7 Series,98059.07,92175.52,109826.16,1.10541,BMW official MSRP anchors + simulated monthly market variation
2021-10-01,7 Series,94826.88,89137.27,106206.11,1.06897,BMW official MSRP anchors + simulated monthly market variation
2021-11-01,7 Series,95780.37,90033.54,107274.01,1.07972,BMW official MSRP anchors + simulated monthly market variation
2021-12-01,7 Series,94039.1,88396.76,105323.79,1.06009,BMW official MSRP anchors + simulated monthly market variation
2022-01-01,7 Series,99317.16,93358.13,111235.22,1.0918,BMW official MSRP anchors + simulated monthly market variation
2022-02-01,7 Series,98417.35,92512.31,110227.44,1.08191,BMW official MSRP anchors + simulated monthly market variation
2022-03-01,7 Series,98719.36,92796.2,110565.68,1.08523,BMW official MSRP anchors + simulated monthly market variation
2022-04-01,7 Series,98784.59,92857.52,110638.74,1.08594,BMW official MSRP anchors + simulated monthly market variation
2022-05-01,7 Series,99020.93,93079.67,110903.44,1.08854,BMW official MSRP anchors + simulated monthly market variation
2022-06-01,7 Series,98729.08,92805.33,110576.57,1.08533,BMW official MSRP anchors + simulated monthly market variation
2022-07-01,7 Series,98918.08,92982.99,110788.24,1.08741,BMW official MSRP anchors + simulated monthly market variation
2022-08-01,7 Series,98933.41,92997.41,110805.42,1.08758,BMW official MSRP anchors + simulated monthly market variation
2022-09-01,7 Series,97348.53,91507.62,109030.35,1.07016,BMW official MSRP anchors + simulated monthly market variation
2022-10-01,7 Series,97967.92,92089.84,109724.07,1.07697,BMW official MSRP anchors + simulated monthly market variation
2022-11-01,7 Series,98378.58,92475.86,110184.01,1.08148,BMW official MSRP anchors + simulated monthly market variation
2022-12-01,7 Series,98360.11,92458.5,110163.33,1.08128,BMW official MSRP anchors + simulated monthly market variation
2023-01-01,7 Series,98695.06,92773.36,110538.47,1.05868,BMW official MSRP anchors + simulated monthly market variation
2023-02-01,7 Series,99002.1,93061.97,110882.35,1.06197,BMW official MSRP anchors + simulated monthly market variation
2023-03-01,7 Series,98683.84,92762.81,110525.9,1.05856,BMW official MSRP anchors + simulated monthly market variation
2023-04-01,7 Series,96860.33,91048.71,108483.57,1.039,BMW official MSRP anchors + simulated monthly market variation
2023-05-01,7 Series,98562.79,92649.02,110390.32,1.05726,BMW official MSRP anchors + simulated monthly market variation
2023-06-01,7 Series,98919.73,92984.55,110790.1,1.06109,BMW official MSRP anchors + simulated monthly market variation
2023-07-01,7 Series,98086.81,92201.6,109857.23,1.05215,BMW official MSRP anchors + simulated monthly market variation
2023-08-01,7 Series,99123.86,93176.43,111018.72,1.06328,BMW official MSRP anchors + simulated monthly market variation
2023-09-01,7 Series,99957.44,93960.0,111952.34,1.07222,BMW official MSRP anchors + simulated monthly market variation
2023-10-01,7 Series,98566.49,92652.5,110394.47,1.0573,BMW official MSRP anchors + simulated monthly market variation
2023-11-01,7 Series,100720.73,94677.49,112807.22,1.0804,BMW official MSRP anchors + simulated monthly market variation
2023-12-01,7 Series,99531.15,93559.28,111474.89,1.06764,BMW official MSRP anchors + simulated monthly market variation
2024-01-01,7 Series,102631.14,96473.27,114946.88,1.07486,BMW official MSRP anchors + simulated monthly market variation
2024-02-01,7 Series,102938.22,96761.92,115290.8,1.07808,BMW official MSRP anchors + simulated monthly market variation
2024-03-01,7 Series,102725.5,96561.97,115052.56,1.07585,BMW official MSRP anchors + simulated monthly market variation
2024-04-01,7 Series,102880.31,96707.49,115225.95,1.07747,BMW official MSRP anchors + simulated monthly market variation
2024-05-01,7 Series,103381.14,97178.27,115786.88,1.08271,BMW official MSRP anchors + simulated monthly market variation
2024-06-01,7 Series,102969.38,96791.22,115325.7,1.0784,BMW official MSRP anchors + simulated monthly market variation
2024-07-01,7 Series,101239.46,95165.09,113388.19,1.06028,BMW official MSRP anchors + simulated monthly market variation
2024-08-01,7 Series,102127.57,95999.91,114382.87,1.06959,BMW official MSRP anchors + simulated monthly market variation
2024-09-01,7 Series,102322.13,96182.8,114600.79,1.07162,BMW official MSRP anchors + simulated monthly market variation
2024-10-01,7 Series,102478.45,96329.75,114775.87,1.07326,BMW official MSRP anchors + simulated monthly market variation
2024-11-01,7 Series,103564.19,97350.34,115991.89,1.08463,BMW official MSRP anchors + simulated monthly market variation
2024-12-01,7 Series,103010.35,96829.73,115371.59,1.07883,BMW official MSRP anchors + simulated monthly market variation
2025-01-01,7 Series,106608.68,100212.15,119401.72,1.09072,BMW official MSRP anchors + simulated monthly market variation
2025-02-01,7 Series,107731.06,101267.2,120658.79,1.1022,BMW official MSRP anchors + simulated monthly market variation
2025-03-01,7 Series,105798.03,99450.14,118493.79,1.08243,BMW official MSRP anchors + simulated monthly market variation
2025-04-01,7 Series,104678.29,98397.59,117239.69,1.07097,BMW official MSRP anchors + simulated monthly market variation
2025-05-01,7 Series,106751.37,100346.29,119561.53,1.09218,BMW official MSRP anchors + simulated monthly market variation
2025-06-01,7 Series,104353.71,98092.48,116876.15,1.06765,BMW official MSRP anchors + simulated monthly market variation
2025-07-01,7 Series,104303.47,98045.26,116819.89,1.06713,BMW official MSRP anchors + simulated monthly market variation
2025-08-01,7 Series,105399.8,99075.81,118047.77,1.07835,BMW official MSRP anchors + simulated monthly market variation
2025-09-01,7 Series,104652.47,98373.32,117210.76,1.0707,BMW official MSRP anchors + simulated monthly market variation
2025-10-01,7 Series,104805.74,98517.39,117382.43,1.07227,BMW official MSRP anchors + simulated monthly market variation
2025-11-01,7 Series,105323.82,99004.39,117962.68,1.07757,BMW official MSRP anchors + simulated monthly market variation
2025-12-01,7 Series,104523.48,98252.08,117066.3,1.06939,BMW official MSRP anchors + simulated monthly market variation
2026-01-01,7 Series,109153.51,102604.3,122251.93,1.09154,BMW official MSRP anchors + simulated monthly market variation
2026-02-01,7 Series,110376.53,103753.93,123621.71,1.10377,BMW official MSRP anchors + simulated monthly market variation
2026-03-01,7 Series,110261.93,103646.22,123493.36,1.10262,BMW official MSRP anchors + simulated monthly market variation
2026-04-01,7 Series,107777.21,101310.58,120710.48,1.07777,BMW official MSRP anchors + simulated monthly market variation
2026-05-01,7 Series,109857.06,103265.64,123039.91,1.09857,BMW official MSRP anchors + simulated monthly market variation
2026-06-01,7 Series,109453.22,102886.03,122587.61,1.09453,BMW official MSRP anchors + simulated monthly market variation
2026-07-01,7 Series,109614.21,103037.35,122767.91,1.09614,BMW official MSRP anchors + simulated monthly market variation
2015-01-01,X1,32421.62,30476.32,36312.21,1.00845,BMW official MSRP anchors + simulated monthly market variation
2015-02-01,X1,32202.34,30270.2,36066.62,1.00163,BMW official MSRP anchors + simulated monthly market variation
2015-03-01,X1,32149.14,30220.19,36007.04,0.99997,BMW official MSRP anchors + simulated monthly market variation
2015-04-01,X1,32368.54,30426.43,36252.76,1.0068,BMW official MSRP anchors + simulated monthly market variation
2015-05-01,X1,32005.06,30084.76,35845.67,0.99549,BMW official MSRP anchors + simulated monthly market variation
2015-06-01,X1,32040.71,30118.27,35885.6,0.9966,BMW official MSRP anchors + simulated monthly market variation
2015-07-01,X1,32273.57,30337.15,36146.39,1.00384,BMW official MSRP anchors + simulated monthly market variation
2015-08-01,X1,32250.32,30315.3,36120.36,1.00312,BMW official MSRP anchors + simulated monthly market variation
2015-09-01,X1,32390.54,30447.11,36277.41,1.00748,BMW official MSRP anchors + simulated monthly market variation
2015-10-01,X1,32108.89,30182.35,35961.95,0.99872,BMW official MSRP anchors + simulated monthly market variation
2015-11-01,X1,31988.63,30069.31,35827.27,0.99498,BMW official MSRP anchors + simulated monthly market variation
2015-12-01,X1,31959.11,30041.56,35794.2,0.99406,BMW official MSRP anchors + simulated monthly market variation
2016-01-01,X1,32982.12,31003.19,36939.97,1.00678,BMW official MSRP anchors + simulated monthly market variation
2016-02-01,X1,32517.47,30566.42,36419.57,0.9926,BMW official MSRP anchors + simulated monthly market variation
2016-03-01,X1,33102.16,31116.03,37074.42,1.01044,BMW official MSRP anchors + simulated monthly market variation
2016-04-01,X1,33040.27,31057.85,37005.1,1.00856,BMW official MSRP anchors + simulated monthly market variation
2016-05-01,X1,32710.06,30747.46,36635.27,0.99848,BMW official MSRP anchors + simulated monthly market variation
2016-06-01,X1,32704.99,30742.69,36629.59,0.99832,BMW official MSRP anchors + simulated monthly market variation
2016-07-01,X1,32758.42,30792.92,36689.43,0.99995,BMW official MSRP anchors + simulated monthly market variation
2016-08-01,X1,33312.75,31313.99,37310.29,1.01687,BMW official MSRP anchors + simulated monthly market variation
2016-09-01,X1,32916.48,30941.49,36866.46,1.00478,BMW official MSRP anchors + simulated monthly market variation
2016-10-01,X1,32912.89,30938.11,36862.43,1.00467,BMW official MSRP anchors + simulated monthly market variation
2016-11-01,X1,32961.27,30983.59,36916.62,1.00614,BMW official MSRP anchors + simulated monthly market variation
2016-12-01,X1,32693.42,30731.82,36616.63,0.99797,BMW official MSRP anchors + simulated monthly market variation
2017-01-01,X1,34305.61,32247.28,38422.29,1.02804,BMW official MSRP anchors + simulated monthly market variation
2017-02-01,X1,34605.06,32528.76,38757.67,1.03701,BMW official MSRP anchors + simulated monthly market variation
2017-03-01,X1,33982.5,31943.55,38060.4,1.01835,BMW official MSRP anchors + simulated monthly market variation
2017-04-01,X1,33863.3,31831.5,37926.9,1.01478,BMW official MSRP anchors + simulated monthly market variation
2017-05-01,X1,33944.41,31907.74,38017.74,1.01721,BMW official MSRP anchors + simulated monthly market variation
2017-06-01,X1,34324.94,32265.45,38443.94,1.02862,BMW official MSRP anchors + simulated monthly market variation
2017-07-01,X1,33914.96,31880.06,37984.75,1.01633,BMW official MSRP anchors + simulated monthly market variation
2017-08-01,X1,33972.23,31933.89,38048.89,1.01805,BMW official MSRP anchors + simulated monthly market variation
2017-09-01,X1,33728.98,31705.25,37776.46,1.01076,BMW official MSRP anchors + simulated monthly market variation
2017-10-01,X1,34448.28,32381.39,38582.08,1.03231,BMW official MSRP anchors + simulated monthly market variation
2017-11-01,X1,33585.55,31570.42,37615.82,1.00646,BMW official MSRP anchors + simulated monthly market variation
2017-12-01,X1,33936.32,31900.14,38008.67,1.01697,BMW official MSRP anchors + simulated monthly market variation
2018-01-01,X1,35086.17,32981.0,39296.51,1.03255,BMW official MSRP anchors + simulated monthly market variation
2018-02-01,X1,34362.67,32300.91,38486.19,1.01126,BMW official MSRP anchors + simulated monthly market variation
2018-03-01,X1,34871.05,32778.79,39055.58,1.02622,BMW official MSRP anchors + simulated monthly market variation
2018-04-01,X1,35298.84,33180.91,39534.7,1.03881,BMW official MSRP anchors + simulated monthly market variation
2018-05-01,X1,34908.46,32813.95,39097.47,1.02732,BMW official MSRP anchors + simulated monthly market variation
2018-06-01,X1,34745.44,32660.72,38914.9,1.02253,BMW official MSRP anchors + simulated monthly market variation
2018-07-01,X1,34873.99,32781.55,39058.86,1.02631,BMW official MSRP anchors + simulated monthly market variation
2018-08-01,X1,34717.4,32634.36,38883.49,1.0217,BMW official MSRP anchors + simulated monthly market variation
2018-09-01,X1,34585.79,32510.64,38736.09,1.01783,BMW official MSRP anchors + simulated monthly market variation
2018-10-01,X1,35053.13,32949.94,39259.51,1.03158,BMW official MSRP anchors + simulated monthly market variation
2018-11-01,X1,34475.41,32406.89,38612.46,1.01458,BMW official MSRP anchors + simulated monthly market variation
2018-12-01,X1,34910.76,32816.11,39100.05,1.02739,BMW official MSRP anchors + simulated monthly market variation
2019-01-01,X1,35808.97,33660.44,40106.05,1.03524,BMW official MSRP anchors + simulated monthly market variation
2019-02-01,X1,36044.01,33881.37,40369.3,1.04204,BMW official MSRP anchors + simulated monthly market variation
2019-03-01,X1,35824.83,33675.34,40123.81,1.0357,BMW official MSRP anchors + simulated monthly market variation
2019-04-01,X1,35231.24,33117.37,39458.99,1.01854,BMW official MSRP anchors + simulated monthly market variation
2019-05-01,X1,35432.97,33306.99,39684.92,1.02437,BMW official MSRP anchors + simulated monthly market variation
2019-06-01,X1,35840.03,33689.63,40140.83,1.03614,BMW official MSRP anchors + simulated monthly market variation
2019-07-01,X1,35786.61,33639.41,40081.0,1.03459,BMW official MSRP anchors + simulated monthly market variation
2019-08-01,X1,35946.38,33789.59,40259.94,1.03921,BMW official MSRP anchors + simulated monthly market variation
2019-09-01,X1,35900.53,33746.5,40208.6,1.03789,BMW official MSRP anchors + simulated monthly market variation
2019-10-01,X1,35635.07,33496.97,39911.28,1.03021,BMW official MSRP anchors + simulated monthly market variation
2019-11-01,X1,35845.9,33695.14,40147.41,1.03631,BMW official MSRP anchors + simulated monthly market variation
2019-12-01,X1,35673.48,33533.07,39954.3,1.03132,BMW official MSRP anchors + simulated monthly market variation
2020-01-01,X1,37279.48,35042.71,41753.02,1.05908,BMW official MSRP anchors + simulated monthly market variation
2020-02-01,X1,37014.73,34793.85,41456.5,1.05155,BMW official MSRP anchors + simulated monthly market variation
2020-03-01,X1,36980.64,34761.8,41418.31,1.05059,BMW official MSRP anchors + simulated monthly market variation
2020-04-01,X1,37640.89,35382.44,42157.8,1.06934,BMW official MSRP anchors + simulated monthly market variation
2020-05-01,X1,37478.89,35230.16,41976.36,1.06474,BMW official MSRP anchors + simulated monthly market variation
2020-06-01,X1,37722.42,35459.07,42249.11,1.07166,BMW official MSRP anchors + simulated monthly market variation
2020-07-01,X1,37271.11,35034.84,41743.64,1.05884,BMW official MSRP anchors + simulated monthly market variation
2020-08-01,X1,37153.68,34924.46,41612.12,1.0555,BMW official MSRP anchors + simulated monthly market variation
2020-09-01,X1,36921.92,34706.6,41352.55,1.04892,BMW official MSRP anchors + simulated monthly market variation
2020-10-01,X1,36703.89,34501.65,41108.35,1.04272,BMW official MSRP anchors + simulated monthly market variation
2020-11-01,X1,37195.28,34963.56,41658.71,1.05668,BMW official MSRP anchors + simulated monthly market variation
2020-12-01,X1,37272.61,35036.25,41745.32,1.05888,BMW official MSRP anchors + simulated monthly market variation
2021-01-01,X1,39422.89,37057.52,44153.64,1.07909,BMW official MSRP anchors + simulated monthly market variation
2021-02-01,X1,39869.07,37476.93,44653.36,1.09131,BMW official MSRP anchors + simulated monthly market variation
2021-03-01,X1,39527.52,37155.87,44270.83,1.08196,BMW official MSRP anchors + simulated monthly market variation
2021-04-01,X1,39578.58,37203.87,44328.01,1.08336,BMW official MSRP anchors + simulated monthly market variation
2021-05-01,X1,39387.55,37024.3,44114.05,1.07813,BMW official MSRP anchors + simulated monthly market variation
2021-06-01,X1,39634.49,37256.42,44390.62,1.08489,BMW official MSRP anchors + simulated monthly market variation
2021-07-01,X1,39298.8,36940.87,44014.66,1.0757,BMW official MSRP anchors + simulated monthly market variation
2021-08-01,X1,39637.29,37259.06,44393.77,1.08496,BMW official MSRP anchors + simulated monthly market variation
2021-09-01,X1,39851.43,37460.34,44633.6,1.09082,BMW official MSRP anchors + simulated monthly market variation
2021-10-01,X1,39756.54,37371.15,44527.32,1.08823,BMW official MSRP anchors + simulated monthly market variation
2021-11-01,X1,39583.26,37208.26,44333.25,1.08348,BMW official MSRP anchors + simulated monthly market variation
2021-12-01,X1,39781.05,37394.19,44554.77,1.0889,BMW official MSRP anchors + simulated monthly market variation
2022-01-01,X1,40739.67,38295.29,45628.44,1.07587,BMW official MSRP anchors + simulated monthly market variation
2022-02-01,X1,41816.13,39307.16,46834.06,1.1043,BMW official MSRP anchors + simulated monthly market variation
2022-03-01,X1,40987.13,38527.9,45905.58,1.08241,BMW official MSRP anchors + simulated monthly market variation
2022-04-01,X1,41230.3,38756.49,46177.94,1.08883,BMW official MSRP anchors + simulated monthly market variation
2022-05-01,X1,40817.39,38368.34,45715.47,1.07792,BMW official MSRP anchors + simulated monthly market variation
2022-06-01,X1,41172.73,38702.37,46113.46,1.08731,BMW official MSRP anchors + simulated monthly market variation
2022-07-01,X1,40687.56,38246.3,45570.06,1.0745,BMW official MSRP anchors + simulated monthly market variation
2022-08-01,X1,41170.64,38700.4,46111.12,1.08725,BMW official MSRP anchors + simulated monthly market variation
2022-09-01,X1,41275.43,38798.9,46228.48,1.09002,BMW official MSRP anchors + simulated monthly market variation
2022-10-01,X1,41373.69,38891.27,46338.54,1.09262,BMW official MSRP anchors + simulated monthly market variation
2022-11-01,X1,40554.12,38120.88,45420.62,1.07097,BMW official MSRP anchors + simulated monthly market variation
2022-12-01,X1,41480.53,38991.69,46458.19,1.09544,BMW official MSRP anchors + simulated monthly market variation
2023-01-01,X1,41473.33,38984.93,46450.13,1.05799,BMW official MSRP anchors + simulated monthly market variation
2023-02-01,X1,41267.34,38791.3,46219.42,1.05274,BMW official MSRP anchors + simulated monthly market variation
2023-03-01,X1,42282.55,39745.6,47356.46,1.07864,BMW official MSRP anchors + simulated monthly market variation
2023-04-01,X1,41637.8,39139.53,46634.34,1.06219,BMW official MSRP anchors + simulated monthly market variation
2023-05-01,X1,41203.1,38730.91,46147.47,1.0511,BMW official MSRP anchors + simulated monthly market variation
2023-06-01,X1,41888.54,39375.23,46915.17,1.06859,BMW official MSRP anchors + simulated monthly market variation
2023-07-01,X1,41729.02,39225.28,46736.51,1.06452,BMW official MSRP anchors + simulated monthly market variation
2023-08-01,X1,41786.92,39279.71,46801.35,1.06599,BMW official MSRP anchors + simulated monthly market variation
2023-09-01,X1,41461.07,38973.41,46436.4,1.05768,BMW official MSRP anchors + simulated monthly market variation
2023-10-01,X1,42035.1,39513.0,47079.31,1.07232,BMW official MSRP anchors + simulated monthly market variation
2023-11-01,X1,41496.41,39006.62,46475.98,1.05858,BMW official MSRP anchors + simulated monthly market variation
2023-12-01,X1,41771.83,39265.52,46784.45,1.06561,BMW official MSRP anchors + simulated monthly market variation
2024-01-01,X1,43530.09,40918.29,48753.7,1.07393,BMW official MSRP anchors + simulated monthly market variation
2024-02-01,X1,42926.81,40351.2,48078.03,1.05905,BMW official MSRP anchors + simulated monthly market variation
2024-03-01,X1,43737.39,41113.14,48985.87,1.07905,BMW official MSRP anchors + simulated monthly market variation
2024-04-01,X1,43817.23,41188.2,49075.3,1.08102,BMW official MSRP anchors + simulated monthly market variation
2024-05-01,X1,43166.22,40576.24,48346.16,1.06496,BMW official MSRP anchors + simulated monthly market variation
2024-06-01,X1,42891.65,40318.15,48038.65,1.05818,BMW official MSRP anchors + simulated monthly market variation
2024-07-01,X1,43826.91,41197.29,49086.14,1.08126,BMW official MSRP anchors + simulated monthly market variation
2024-08-01,X1,43925.74,41290.2,49196.83,1.08369,BMW official MSRP anchors + simulated monthly market variation
2024-09-01,X1,43413.1,40808.31,48622.67,1.07105,BMW official MSRP anchors + simulated monthly market variation
2024-10-01,X1,43842.98,41212.4,49104.14,1.08165,BMW official MSRP anchors + simulated monthly market variation
2024-11-01,X1,43193.09,40601.5,48376.26,1.06562,BMW official MSRP anchors + simulated monthly market variation
2024-12-01,X1,43607.58,40991.12,48840.49,1.07584,BMW official MSRP anchors + simulated monthly market variation
2025-01-01,X1,45495.55,42765.82,50955.02,1.08668,BMW official MSRP anchors + simulated monthly market variation
2025-02-01,X1,45581.52,42846.63,51051.3,1.08873,BMW official MSRP anchors + simulated monthly market variation
2025-03-01,X1,45463.22,42735.43,50918.8,1.0859,BMW official MSRP anchors + simulated monthly market variation
2025-04-01,X1,44895.95,42202.19,50283.46,1.07236,BMW official MSRP anchors + simulated monthly market variation
2025-05-01,X1,46078.67,43313.95,51608.11,1.10061,BMW official MSRP anchors + simulated monthly market variation
2025-06-01,X1,44942.81,42246.24,50335.94,1.07347,BMW official MSRP anchors + simulated monthly market variation
2025-07-01,X1,45127.76,42420.1,50543.09,1.07789,BMW official MSRP anchors + simulated monthly market variation
2025-08-01,X1,44344.02,41683.38,49665.3,1.05917,BMW official MSRP anchors + simulated monthly market variation
2025-09-01,X1,44963.43,42265.62,50359.04,1.07397,BMW official MSRP anchors + simulated monthly market variation
2025-10-01,X1,45358.76,42637.24,50801.82,1.08341,BMW official MSRP anchors + simulated monthly market variation
2025-11-01,X1,45239.28,42524.92,50667.99,1.08056,BMW official MSRP anchors + simulated monthly market variation
2025-12-01,X1,45366.89,42644.88,50810.92,1.0836,BMW official MSRP anchors + simulated monthly market variation
2026-01-01,X1,46705.67,43903.33,52310.35,1.08115,BMW official MSRP anchors + simulated monthly market variation
2026-02-01,X1,45933.28,43177.28,51445.27,1.06327,BMW official MSRP anchors + simulated monthly market variation
2026-03-01,X1,47079.7,44254.92,52729.26,1.08981,BMW official MSRP anchors + simulated monthly market variation
2026-04-01,X1,46599.5,43803.53,52191.44,1.07869,BMW official MSRP anchors + simulated monthly market variation
2026-05-01,X1,46592.91,43797.34,52184.06,1.07854,BMW official MSRP anchors + simulated monthly market variation
2026-06-01,X1,47446.13,44599.36,53139.66,1.09829,BMW official MSRP anchors + simulated monthly market variation
2026-07-01,X1,46952.56,44135.41,52586.87,1.08686,BMW official MSRP anchors + simulated monthly market variation
2015-01-01,X3,39633.59,37255.58,44389.62,1.00465,BMW official MSRP anchors + simulated monthly market variation
2015-02-01,X3,39455.64,37088.31,44190.32,1.00014,BMW official MSRP anchors + simulated monthly market variation
2015-03-01,X3,39223.19,36869.8,43929.97,0.99425,BMW official MSRP anchors + simulated monthly market variation
2015-04-01,X3,39702.86,37320.69,44467.21,1.00641,BMW official MSRP anchors + simulated monthly market variation
2015-05-01,X3,39600.56,37224.53,44352.63,1.00382,BMW official MSRP anchors + simulated monthly market variation
2015-06-01,X3,39526.12,37154.55,44269.25,1.00193,BMW official MSRP anchors + simulated monthly market variation
2015-07-01,X3,39644.59,37265.92,44401.94,1.00493,BMW official MSRP anchors + simulated monthly market variation
2015-08-01,X3,39493.03,37123.45,44232.2,1.00109,BMW official MSRP anchors + simulated monthly market variation
2015-09-01,X3,39164.63,36814.76,43864.39,0.99277,BMW official MSRP anchors + simulated monthly market variation
2015-10-01,X3,39565.41,37191.48,44313.26,1.00293,BMW official MSRP anchors + simulated monthly market variation
2015-11-01,X3,39526.88,37155.26,44270.1,1.00195,BMW official MSRP anchors + simulated monthly market variation
2015-12-01,X3,39338.85,36978.52,44059.51,0.99718,BMW official MSRP anchors + simulated monthly market variation
2016-01-01,X3,39943.5,37546.89,44736.72,0.99984,BMW official MSRP anchors + simulated monthly market variation
2016-02-01,X3,39876.89,37484.28,44662.12,0.99817,BMW official MSRP anchors + simulated monthly market variation
2016-03-01,X3,39374.51,37012.04,44099.45,0.98559,BMW official MSRP anchors + simulated monthly market variation
2016-04-01,X3,40124.07,37716.63,44938.96,1.00436,BMW official MSRP anchors + simulated monthly market variation
2016-05-01,X3,40374.91,37952.42,45219.9,1.01064,BMW official MSRP anchors + simulated monthly market variation
2016-06-01,X3,40181.47,37770.58,45003.25,1.00579,BMW official MSRP anchors + simulated monthly market variation
2016-07-01,X3,39879.61,37486.83,44665.16,0.99824,BMW official MSRP anchors + simulated monthly market variation
2016-08-01,X3,40611.24,38174.56,45484.59,1.01655,BMW official MSRP anchors + simulated monthly market variation
2016-09-01,X3,39864.78,37472.89,44648.55,0.99787,BMW official MSRP anchors + simulated monthly market variation
2016-10-01,X3,40202.67,37790.51,45026.99,1.00632,BMW official MSRP anchors + simulated monthly market variation
2016-11-01,X3,39932.77,37536.81,44724.71,0.99957,BMW official MSRP anchors + simulated monthly market variation
2016-12-01,X3,40118.73,37711.61,44932.98,1.00422,BMW official MSRP anchors + simulated monthly market variation
2017-01-01,X3,40954.04,38496.8,45868.52,1.01246,BMW official MSRP anchors + simulated monthly market variation
2017-02-01,X3,41066.56,38602.57,45994.55,1.01524,BMW official MSRP anchors + simulated monthly market variation
2017-03-01,X3,41199.59,38727.62,46143.54,1.01853,BMW official MSRP anchors + simulated monthly market variation
2017-04-01,X3,41059.32,38595.76,45986.44,1.01506,BMW official MSRP anchors + simulated monthly market variation
2017-05-01,X3,41568.12,39074.04,46556.3,1.02764,BMW official MSRP anchors + simulated monthly market variation
2017-06-01,X3,41405.26,38920.95,46373.9,1.02362,BMW official MSRP anchors + simulated monthly market variation
2017-07-01,X3,40972.33,38513.99,45889.01,1.01291,BMW official MSRP anchors + simulated monthly market variation
2017-08-01,X3,41089.1,38623.75,46019.79,1.0158,BMW official MSRP anchors + simulated monthly market variation
2017-09-01,X3,41293.56,38815.95,46248.79,1.02085,BMW official MSRP anchors + simulated monthly market variation
2017-10-01,X3,41781.2,39274.33,46794.95,1.03291,BMW official MSRP anchors + simulated monthly market variation
2017-11-01,X3,41365.45,38883.52,46329.3,1.02263,BMW official MSRP anchors + simulated monthly market variation
2017-12-01,X3,41305.29,38826.97,46261.92,1.02114,BMW official MSRP anchors + simulated monthly market variation
2018-01-01,X3,41921.98,39406.66,46952.62,1.02374,BMW official MSRP anchors + simulated monthly market variation
2018-02-01,X3,41867.13,39355.1,46891.18,1.0224,BMW official MSRP anchors + simulated monthly market variation
2018-03-01,X3,41594.47,39098.8,46585.81,1.01574,BMW official MSRP anchors + simulated monthly market variation
2018-04-01,X3,41671.08,39170.82,46671.61,1.01761,BMW official MSRP anchors + simulated monthly market variation
2018-05-01,X3,41510.53,39019.9,46491.79,1.01369,BMW official MSRP anchors + simulated monthly market variation
2018-06-01,X3,41633.4,39135.4,46629.41,1.01669,BMW official MSRP anchors + simulated monthly market variation
2018-07-01,X3,42375.76,39833.21,47460.85,1.03482,BMW official MSRP anchors + simulated monthly market variation
2018-08-01,X3,41488.62,38999.3,46467.25,1.01315,BMW official MSRP anchors + simulated monthly market variation
2018-09-01,X3,41895.03,39381.33,46922.43,1.02308,BMW official MSRP anchors + simulated monthly market variation
2018-10-01,X3,41030.8,38568.95,45954.5,1.00197,BMW official MSRP anchors + simulated monthly market variation
2018-11-01,X3,41895.78,39382.04,46923.28,1.0231,BMW official MSRP anchors + simulated monthly market variation
2018-12-01,X3,42051.61,39528.51,47097.8,1.0269,BMW official MSRP anchors + simulated monthly market variation
2019-01-01,X3,42790.83,40223.38,47925.72,1.03235,BMW official MSRP anchors + simulated monthly market variation
2019-02-01,X3,43278.36,40681.65,48471.76,1.04411,BMW official MSRP anchors + simulated monthly market variation
2019-03-01,X3,42679.72,40118.94,47801.29,1.02967,BMW official MSRP anchors + simulated monthly market variation
2019-04-01,X3,42744.88,40180.18,47874.26,1.03124,BMW official MSRP anchors + simulated monthly market variation
2019-05-01,X3,42879.49,40306.72,48025.03,1.03449,BMW official MSRP anchors + simulated monthly market variation
2019-06-01,X3,43137.94,40549.66,48314.49,1.04072,BMW official MSRP anchors + simulated monthly market variation
2019-07-01,X3,42641.52,40083.03,47758.51,1.02875,BMW official MSRP anchors + simulated monthly market variation
2019-08-01,X3,43018.49,40437.39,48180.71,1.03784,BMW official MSRP anchors + simulated monthly market variation
2019-09-01,X3,43049.97,40466.97,48215.97,1.0386,BMW official MSRP anchors + simulated monthly market variation
2019-10-01,X3,43121.26,40533.99,48295.81,1.04032,BMW official MSRP anchors + simulated monthly market variation
2019-11-01,X3,42908.27,40333.77,48057.26,1.03518,BMW official MSRP anchors + simulated monthly market variation
2019-12-01,X3,42775.9,40209.35,47909.01,1.03199,BMW official MSRP anchors + simulated monthly market variation
2020-01-01,X3,44358.71,41697.19,49681.76,1.05742,BMW official MSRP anchors + simulated monthly market variation
2020-02-01,X3,44285.15,41628.04,49599.37,1.05567,BMW official MSRP anchors + simulated monthly market variation
2020-03-01,X3,44312.79,41654.03,49630.33,1.05632,BMW official MSRP anchors + simulated monthly market variation
2020-04-01,X3,44725.68,42042.14,50092.76,1.06617,BMW official MSRP anchors + simulated monthly market variation
2020-05-01,X3,44017.33,41376.29,49299.41,1.04928,BMW official MSRP anchors + simulated monthly market variation
2020-06-01,X3,44403.36,41739.16,49731.76,1.05848,BMW official MSRP anchors + simulated monthly market variation
2020-07-01,X3,44529.3,41857.54,49872.81,1.06149,BMW official MSRP anchors + simulated monthly market variation
2020-08-01,X3,44480.83,41811.98,49818.52,1.06033,BMW official MSRP anchors + simulated monthly market variation
2020-09-01,X3,44250.74,41595.69,49560.83,1.05484,BMW official MSRP anchors + simulated monthly market variation
2020-10-01,X3,43432.69,40826.73,48644.62,1.03534,BMW official MSRP anchors + simulated monthly market variation
2020-11-01,X3,44413.58,41748.76,49743.21,1.05873,BMW official MSRP anchors + simulated monthly market variation
2020-12-01,X3,44156.79,41507.38,49455.6,1.05261,BMW official MSRP anchors + simulated monthly market variation
2021-01-01,X3,47100.42,44274.4,52752.47,1.08256,BMW official MSRP anchors + simulated monthly market variation
2021-02-01,X3,47471.53,44623.24,53168.11,1.09109,BMW official MSRP anchors + simulated monthly market variation
2021-03-01,X3,47449.42,44602.46,53143.35,1.09058,BMW official MSRP anchors + simulated monthly market variation
2021-04-01,X3,47316.92,44477.91,52994.95,1.08754,BMW official MSRP anchors + simulated monthly market variation
2021-05-01,X3,46782.28,43975.34,52396.15,1.07525,BMW official MSRP anchors + simulated monthly market variation
2021-06-01,X3,46641.3,43842.82,52238.26,1.07201,BMW official MSRP anchors + simulated monthly market variation
2021-07-01,X3,47178.68,44347.96,52840.12,1.08436,BMW official MSRP anchors + simulated monthly market variation
2021-08-01,X3,47511.14,44660.47,53212.47,1.092,BMW official MSRP anchors + simulated monthly market variation
2021-09-01,X3,47379.32,44536.57,53064.84,1.08897,BMW official MSRP anchors + simulated monthly market variation
2021-10-01,X3,47522.09,44670.77,53224.74,1.09225,BMW official MSRP anchors + simulated monthly market variation
2021-11-01,X3,47167.54,44337.48,52827.64,1.0841,BMW official MSRP anchors + simulated monthly market variation
2021-12-01,X3,47314.86,44475.97,52992.64,1.08749,BMW official MSRP anchors + simulated monthly market variation
2022-01-01,X3,48880.82,45947.97,54746.52,1.08463,BMW official MSRP anchors + simulated monthly market variation
2022-02-01,X3,48621.16,45703.89,54455.7,1.07887,BMW official MSRP anchors + simulated monthly market variation
2022-03-01,X3,49296.15,46338.38,55211.68,1.09385,BMW official MSRP anchors + simulated monthly market variation
2022-04-01,X3,48625.11,45707.61,54460.13,1.07896,BMW official MSRP anchors + simulated monthly market variation
2022-05-01,X3,49664.31,46684.45,55624.03,1.10202,BMW official MSRP anchors + simulated monthly market variation
2022-06-01,X3,48922.79,45987.42,54793.52,1.08556,BMW official MSRP anchors + simulated monthly market variation
2022-07-01,X3,48886.7,45953.5,54753.1,1.08476,BMW official MSRP anchors + simulated monthly market variation
2022-08-01,X3,48905.54,45971.2,54774.2,1.08518,BMW official MSRP anchors + simulated monthly market variation
2022-09-01,X3,48910.85,45976.2,54780.15,1.0853,BMW official MSRP anchors + simulated monthly market variation
2022-10-01,X3,48813.67,45884.85,54671.31,1.08314,BMW official MSRP anchors + simulated monthly market variation
2022-11-01,X3,48818.29,45889.19,54676.48,1.08325,BMW official MSRP anchors + simulated monthly market variation
2022-12-01,X3,48829.04,45899.3,54688.53,1.08348,BMW official MSRP anchors + simulated monthly market variation
2023-01-01,X3,50132.96,47124.98,56148.91,1.07524,BMW official MSRP anchors + simulated monthly market variation
2023-02-01,X3,50067.19,47063.16,56075.25,1.07383,BMW official MSRP anchors + simulated monthly market variation
2023-03-01,X3,49426.01,46460.45,55357.13,1.06008,BMW official MSRP anchors + simulated monthly market variation
2023-04-01,X3,49622.66,46645.3,55577.38,1.06429,BMW official MSRP anchors + simulated monthly market variation
2023-05-01,X3,49064.43,46120.56,54952.16,1.05232,BMW official MSRP anchors + simulated monthly market variation
2023-06-01,X3,49638.49,46660.19,55595.11,1.06463,BMW official MSRP anchors + simulated monthly market variation
2023-07-01,X3,49819.3,46830.15,55797.62,1.06851,BMW official MSRP anchors + simulated monthly market variation
2023-08-01,X3,49672.08,46691.75,55632.73,1.06535,BMW official MSRP anchors + simulated monthly market variation
2023-09-01,X3,49565.13,46591.22,55512.94,1.06306,BMW official MSRP anchors + simulated monthly market variation
2023-10-01,X3,49760.13,46774.52,55731.35,1.06724,BMW official MSRP anchors + simulated monthly market variation
2023-11-01,X3,50037.44,47035.19,56041.93,1.07319,BMW official MSRP anchors + simulated monthly market variation
2023-12-01,X3,49366.92,46404.91,55290.95,1.05881,BMW official MSRP anchors + simulated monthly market variation
2024-01-01,X3,51528.37,48436.67,57711.77,1.06942,BMW official MSRP anchors + simulated monthly market variation
2024-02-01,X3,51804.39,48696.13,58020.92,1.07515,BMW official MSRP anchors + simulated monthly market variation
2024-03-01,X3,51528.35,48436.65,57711.76,1.06942,BMW official MSRP anchors + simulated monthly market variation
2024-04-01,X3,51524.5,48433.03,57707.45,1.06934,BMW official MSRP anchors + simulated monthly market variation
2024-05-01,X3,51804.08,48695.83,58020.57,1.07515,BMW official MSRP anchors + simulated monthly market variation
2024-06-01,X3,51622.74,48525.37,57817.46,1.07138,BMW official MSRP anchors + simulated monthly market variation
2024-07-01,X3,51790.29,48682.87,58005.12,1.07486,BMW official MSRP anchors + simulated monthly market variation
2024-08-01,X3,52405.14,49260.84,58693.76,1.08762,BMW official MSRP anchors + simulated monthly market variation
2024-09-01,X3,51307.43,48228.98,57464.32,1.06484,BMW official MSRP anchors + simulated monthly market variation
2024-10-01,X3,51190.52,48119.09,57333.39,1.06241,BMW official MSRP anchors + simulated monthly market variation
2024-11-01,X3,51453.64,48366.43,57628.08,1.06787,BMW official MSRP anchors + simulated monthly market variation
2024-12-01,X3,51905.13,48790.82,58133.75,1.07724,BMW official MSRP anchors + simulated monthly market variation
2025-01-01,X3,53686.72,50465.52,60129.12,1.07931,BMW official MSRP anchors + simulated monthly market variation
2025-02-01,X3,53985.31,50746.2,60463.55,1.08531,BMW official MSRP anchors + simulated monthly market variation
2025-03-01,X3,53483.02,50274.04,59900.98,1.07522,BMW official MSRP anchors + simulated monthly market variation
2025-04-01,X3,53720.37,50497.15,60166.82,1.07999,BMW official MSRP anchors + simulated monthly market variation
2025-05-01,X3,53625.71,50408.17,60060.8,1.07808,BMW official MSRP anchors + simulated monthly market variation
2025-06-01,X3,53366.59,50164.6,59770.58,1.07288,BMW official MSRP anchors + simulated monthly market variation
2025-07-01,X3,53509.69,50299.11,59930.86,1.07575,BMW official MSRP anchors + simulated monthly market variation
2025-08-01,X3,53726.0,50502.44,60173.12,1.0801,BMW official MSRP anchors + simulated monthly market variation
2025-09-01,X3,53578.81,50364.08,60008.27,1.07714,BMW official MSRP anchors + simulated monthly market variation
2025-10-01,X3,53922.73,50687.37,60393.46,1.08406,BMW official MSRP anchors + simulated monthly market variation
2025-11-01,X3,53146.28,49957.5,59523.84,1.06845,BMW official MSRP anchors + simulated monthly market variation
2025-12-01,X3,54046.62,50803.82,60532.21,1.08655,BMW official MSRP anchors + simulated monthly market variation
2026-01-01,X3,55705.09,52362.79,62389.7,1.08587,BMW official MSRP anchors + simulated monthly market variation
2026-02-01,X3,56516.99,53125.97,63299.03,1.1017,BMW official MSRP anchors + simulated monthly market variation
2026-03-01,X3,56082.46,52717.51,62812.36,1.09323,BMW official MSRP anchors + simulated monthly market variation
2026-04-01,X3,56460.38,53072.75,63235.62,1.10059,BMW official MSRP anchors + simulated monthly market variation
2026-05-01,X3,56034.55,52672.48,62758.7,1.09229,BMW official MSRP anchors + simulated monthly market variation
2026-06-01,X3,55825.25,52475.73,62524.28,1.08821,BMW official MSRP anchors + simulated monthly market variation
2026-07-01,X3,56014.45,52653.59,62736.19,1.0919,BMW official MSRP anchors + simulated monthly market variation
2015-01-01,X5,54410.81,51146.16,60940.1,0.99199,BMW official MSRP anchors + simulated monthly market variation
2015-02-01,X5,55494.13,52164.48,62153.42,1.01174,BMW official MSRP anchors + simulated monthly market variation
2015-03-01,X5,55056.0,51752.64,61662.73,1.00376,BMW official MSRP anchors + simulated monthly market variation
2015-04-01,X5,54954.3,51657.04,61548.82,1.0019,BMW official MSRP anchors + simulated monthly market variation
2015-05-01,X5,55121.01,51813.75,61735.53,1.00494,BMW official MSRP anchors + simulated monthly market variation
2015-06-01,X5,54102.24,50856.11,60594.51,0.98637,BMW official MSRP anchors + simulated monthly market variation
2015-07-01,X5,55776.5,52429.91,62469.68,1.01689,BMW official MSRP anchors + simulated monthly market variation
2015-08-01,X5,54649.98,51370.98,61207.97,0.99635,BMW official MSRP anchors + simulated monthly market variation
2015-09-01,X5,55403.72,52079.5,62052.17,1.0101,BMW official MSRP anchors + simulated monthly market variation
2015-10-01,X5,54341.19,51080.72,60862.13,0.99072,BMW official MSRP anchors + simulated monthly market variation
2015-11-01,X5,54753.13,51467.95,61323.51,0.99823,BMW official MSRP anchors + simulated monthly market variation
2015-12-01,X5,54944.01,51647.36,61537.29,1.00171,BMW official MSRP anchors + simulated monthly market variation
2016-01-01,X5,56760.66,53355.02,63571.94,1.01977,BMW official MSRP anchors + simulated monthly market variation
2016-02-01,X5,56256.49,52881.11,63007.27,1.01072,BMW official MSRP anchors + simulated monthly market variation
2016-03-01,X5,56014.89,52653.99,62736.67,1.00638,BMW official MSRP anchors + simulated monthly market variation
2016-04-01,X5,55862.31,52510.57,62565.79,1.00363,BMW official MSRP anchors + simulated monthly market variation
2016-05-01,X5,56472.32,53083.98,63248.99,1.01459,BMW official MSRP anchors + simulated monthly market variation
2016-06-01,X5,56687.43,53286.19,63489.93,1.01846,BMW official MSRP anchors + simulated monthly market variation
2016-07-01,X5,56512.55,53121.79,63294.05,1.01532,BMW official MSRP anchors + simulated monthly market variation
2016-08-01,X5,55450.04,52123.03,62104.04,0.99623,BMW official MSRP anchors + simulated monthly market variation
2016-09-01,X5,55697.6,52355.74,62381.31,1.00068,BMW official MSRP anchors + simulated monthly market variation
2016-10-01,X5,56181.98,52811.06,62923.82,1.00938,BMW official MSRP anchors + simulated monthly market variation
2016-11-01,X5,55646.35,52307.57,62323.91,0.99975,BMW official MSRP anchors + simulated monthly market variation
2016-12-01,X5,56813.2,53404.41,63630.79,1.02072,BMW official MSRP anchors + simulated monthly market variation
2017-01-01,X5,56935.88,53519.72,63768.18,1.00825,BMW official MSRP anchors + simulated monthly market variation
2017-02-01,X5,57381.54,53938.65,64267.32,1.01614,BMW official MSRP anchors + simulated monthly market variation
2017-03-01,X5,57459.92,54012.32,64355.11,1.01753,BMW official MSRP anchors + simulated monthly market variation
2017-04-01,X5,57509.56,54058.98,64410.71,1.01841,BMW official MSRP anchors + simulated monthly market variation
2017-05-01,X5,57345.87,53905.12,64227.38,1.01551,BMW official MSRP anchors + simulated monthly market variation
2017-06-01,X5,57851.06,54380.0,64793.19,1.02446,BMW official MSRP anchors + simulated monthly market variation
2017-07-01,X5,56352.99,52971.82,63115.35,0.99793,BMW official MSRP anchors + simulated monthly market variation
2017-08-01,X5,56059.22,52695.66,62786.32,0.99273,BMW official MSRP anchors + simulated monthly market variation
2017-09-01,X5,56926.17,53510.6,63757.31,1.00808,BMW official MSRP anchors + simulated monthly market variation
2017-10-01,X5,56539.4,53147.04,63324.13,1.00123,BMW official MSRP anchors + simulated monthly market variation
2017-11-01,X5,57743.77,54279.15,64673.02,1.02256,BMW official MSRP anchors + simulated monthly market variation
2017-12-01,X5,56252.46,52877.31,63002.76,0.99615,BMW official MSRP anchors + simulated monthly market variation
2018-01-01,X5,58562.59,55048.83,65590.1,1.02239,BMW official MSRP anchors + simulated monthly market variation
2018-02-01,X5,58285.24,54788.13,65279.47,1.01755,BMW official MSRP anchors + simulated monthly market variation
2018-03-01,X5,58777.05,55250.43,65830.3,1.02614,BMW official MSRP anchors + simulated monthly market variation
2018-04-01,X5,57916.33,54441.35,64866.29,1.01111,BMW official MSRP anchors + simulated monthly market variation
2018-05-01,X5,58050.95,54567.89,65017.07,1.01346,BMW official MSRP anchors + simulated monthly market variation
2018-06-01,X5,58717.24,55194.21,65763.31,1.02509,BMW official MSRP anchors + simulated monthly market variation
2018-07-01,X5,58346.49,54845.7,65348.07,1.01862,BMW official MSRP anchors + simulated monthly market variation
2018-08-01,X5,58984.75,55445.66,66062.92,1.02976,BMW official MSRP anchors + simulated monthly market variation
2018-09-01,X5,58648.74,55129.81,65686.59,1.0239,BMW official MSRP anchors + simulated monthly market variation
2018-10-01,X5,58998.14,55458.25,66077.91,1.03,BMW official MSRP anchors + simulated monthly market variation
2018-11-01,X5,59272.02,55715.7,66384.66,1.03478,BMW official MSRP anchors + simulated monthly market variation
2018-12-01,X5,58056.36,54572.98,65023.12,1.01355,BMW official MSRP anchors + simulated monthly market variation
2019-01-01,X5,59760.92,56175.27,66932.24,1.02876,BMW official MSRP anchors + simulated monthly market variation
2019-02-01,X5,60038.06,56435.77,67242.62,1.03354,BMW official MSRP anchors + simulated monthly market variation
2019-03-01,X5,59189.48,55638.11,66292.21,1.01893,BMW official MSRP anchors + simulated monthly market variation
2019-04-01,X5,60044.24,56441.59,67249.55,1.03364,BMW official MSRP anchors + simulated monthly market variation
2019-05-01,X5,60507.09,56876.67,67767.94,1.04161,BMW official MSRP anchors + simulated monthly market variation
2019-06-01,X5,58919.79,55384.6,65990.17,1.01428,BMW official MSRP anchors + simulated monthly market variation
2019-07-01,X5,59780.98,56194.12,66954.69,1.02911,BMW official MSRP anchors + simulated monthly market variation
2019-08-01,X5,60625.48,56987.95,67900.54,1.04365,BMW official MSRP anchors + simulated monthly market variation
2019-09-01,X5,59627.58,56049.92,66782.89,1.02647,BMW official MSRP anchors + simulated monthly market variation
2019-10-01,X5,61204.16,57531.91,68548.66,1.05361,BMW official MSRP anchors + simulated monthly market variation
2019-11-01,X5,59971.03,56372.77,67167.56,1.03238,BMW official MSRP anchors + simulated monthly market variation
2019-12-01,X5,60596.61,56960.81,67868.2,1.04315,BMW official MSRP anchors + simulated monthly market variation
2020-01-01,X5,62185.86,58454.71,69648.16,1.05579,BMW official MSRP anchors + simulated monthly market variation
2020-02-01,X5,62063.22,58339.43,69510.81,1.0537,BMW official MSRP anchors + simulated monthly market variation
2020-03-01,X5,62275.64,58539.1,69748.71,1.05731,BMW official MSRP anchors + simulated monthly market variation
2020-04-01,X5,62316.77,58577.77,69794.79,1.05801,BMW official MSRP anchors + simulated monthly market variation
2020-05-01,X5,61418.36,57733.26,68788.56,1.04276,BMW official MSRP anchors + simulated monthly market variation
2020-06-01,X5,63385.39,59582.26,70991.63,1.07615,BMW official MSRP anchors + simulated monthly market variation
2020-07-01,X5,62584.29,58829.23,70094.4,1.06255,BMW official MSRP anchors + simulated monthly market variation
2020-08-01,X5,62273.41,58537.0,69746.21,1.05727,BMW official MSRP anchors + simulated monthly market variation
2020-09-01,X5,62090.31,58364.9,69541.15,1.05416,BMW official MSRP anchors + simulated monthly market variation
2020-10-01,X5,62879.22,59106.46,70424.72,1.06756,BMW official MSRP anchors + simulated monthly market variation
2020-11-01,X5,61328.82,57649.09,68688.28,1.04124,BMW official MSRP anchors + simulated monthly market variation
2020-12-01,X5,62269.92,58533.73,69742.31,1.05721,BMW official MSRP anchors + simulated monthly market variation
2021-01-01,X5,65562.73,61628.97,73430.26,1.08428,BMW official MSRP anchors + simulated monthly market variation
2021-02-01,X5,66608.39,62611.89,74601.4,1.10157,BMW official MSRP anchors + simulated monthly market variation
2021-03-01,X5,64933.16,61037.17,72725.14,1.07387,BMW official MSRP anchors + simulated monthly market variation
2021-04-01,X5,65421.4,61496.12,73271.97,1.08194,BMW official MSRP anchors + simulated monthly market variation
2021-05-01,X5,65578.41,61643.71,73447.82,1.08454,BMW official MSRP anchors + simulated monthly market variation
2021-06-01,X5,65781.73,61834.82,73675.53,1.0879,BMW official MSRP anchors + simulated monthly market variation
2021-07-01,X5,65534.87,61602.78,73399.06,1.08382,BMW official MSRP anchors + simulated monthly market variation
2021-08-01,X5,65655.53,61716.2,73534.19,1.08581,BMW official MSRP anchors + simulated monthly market variation
2021-09-01,X5,64865.83,60973.88,72649.73,1.07275,BMW official MSRP anchors + simulated monthly market variation
2021-10-01,X5,65694.78,61753.1,73578.16,1.08646,BMW official MSRP anchors + simulated monthly market variation
2021-11-01,X5,65443.24,61516.64,73296.43,1.0823,BMW official MSRP anchors + simulated monthly market variation
2021-12-01,X5,65841.69,61891.18,73742.69,1.08889,BMW official MSRP anchors + simulated monthly market variation
2022-01-01,X5,67516.21,63465.24,75618.16,1.08839,BMW official MSRP anchors + simulated monthly market variation
2022-02-01,X5,66591.86,62596.35,74582.88,1.07349,BMW official MSRP anchors + simulated monthly market variation
2022-03-01,X5,66895.19,62881.48,74922.62,1.07837,BMW official MSRP anchors + simulated monthly market variation
2022-04-01,X5,66331.96,62352.04,74291.8,1.0693,BMW official MSRP anchors + simulated monthly market variation
2022-05-01,X5,66352.56,62371.41,74314.87,1.06963,BMW official MSRP anchors + simulated monthly market variation
2022-06-01,X5,66306.9,62328.49,74263.73,1.06889,BMW official MSRP anchors + simulated monthly market variation
2022-07-01,X5,67160.74,63131.1,75220.03,1.08266,BMW official MSRP anchors + simulated monthly market variation
2022-08-01,X5,67374.17,63331.72,75459.07,1.0861,BMW official MSRP anchors + simulated monthly market variation
2022-09-01,X5,66839.8,62829.41,74860.57,1.07748,BMW official MSRP anchors + simulated monthly market variation
2022-10-01,X5,67143.4,63114.8,75200.61,1.08238,BMW official MSRP anchors + simulated monthly market variation
2022-11-01,X5,67051.96,63028.84,75098.19,1.0809,BMW official MSRP anchors + simulated monthly market variation
2022-12-01,X5,66107.78,62141.31,74040.71,1.06568,BMW official MSRP anchors + simulated monthly market variation
2023-01-01,X5,67201.91,63169.8,75266.14,1.05663,BMW official MSRP anchors + simulated monthly market variation
2023-02-01,X5,67901.02,63826.96,76049.14,1.06763,BMW official MSRP anchors + simulated monthly market variation
2023-03-01,X5,67557.56,63504.1,75664.46,1.06223,BMW official MSRP anchors + simulated monthly market variation
2023-04-01,X5,67722.33,63658.99,75849.01,1.06482,BMW official MSRP anchors + simulated monthly market variation
2023-05-01,X5,68173.04,64082.66,76353.8,1.0719,BMW official MSRP anchors + simulated monthly market variation
2023-06-01,X5,67933.39,63857.39,76085.4,1.06814,BMW official MSRP anchors + simulated monthly market variation
2023-07-01,X5,66251.57,62276.47,74201.75,1.04169,BMW official MSRP anchors + simulated monthly market variation
2023-08-01,X5,67641.84,63583.33,75758.86,1.06355,BMW official MSRP anchors + simulated monthly market variation
2023-09-01,X5,67279.5,63242.73,75353.04,1.05785,BMW official MSRP anchors + simulated monthly market variation
2023-10-01,X5,67000.48,62980.45,75040.54,1.05347,BMW official MSRP anchors + simulated monthly market variation
2023-11-01,X5,67761.85,63696.14,75893.27,1.06544,BMW official MSRP anchors + simulated monthly market variation
2023-12-01,X5,67647.5,63588.65,75765.2,1.06364,BMW official MSRP anchors + simulated monthly market variation
2024-01-01,X5,70475.2,66246.69,78932.23,1.08146,BMW official MSRP anchors + simulated monthly market variation
2024-02-01,X5,69490.97,65321.51,77829.89,1.06636,BMW official MSRP anchors + simulated monthly market variation
2024-03-01,X5,70713.88,66471.05,79199.55,1.08512,BMW official MSRP anchors + simulated monthly market variation
2024-04-01,X5,70522.97,66291.59,78985.73,1.08219,BMW official MSRP anchors + simulated monthly market variation
2024-05-01,X5,69513.43,65342.62,77855.04,1.0667,BMW official MSRP anchors + simulated monthly market variation
2024-06-01,X5,70548.42,66315.52,79014.23,1.08258,BMW official MSRP anchors + simulated monthly market variation
2024-07-01,X5,68937.54,64801.29,77210.04,1.05787,BMW official MSRP anchors + simulated monthly market variation
2024-08-01,X5,69302.92,65144.75,77619.27,1.06347,BMW official MSRP anchors + simulated monthly market variation
2024-09-01,X5,70775.94,66529.38,79269.05,1.08608,BMW official MSRP anchors + simulated monthly market variation
2024-10-01,X5,69906.33,65711.95,78295.08,1.07273,BMW official MSRP anchors + simulated monthly market variation
2024-11-01,X5,69497.05,65327.22,77836.69,1.06645,BMW official MSRP anchors + simulated monthly market variation
2024-12-01,X5,69547.81,65374.94,77893.55,1.06723,BMW official MSRP anchors + simulated monthly market variation
2025-01-01,X5,71453.4,67166.2,80027.81,1.07073,BMW official MSRP anchors + simulated monthly market variation
2025-02-01,X5,72821.75,68452.44,81560.36,1.09123,BMW official MSRP anchors + simulated monthly market variation
2025-03-01,X5,72947.14,68570.31,81700.8,1.09311,BMW official MSRP anchors + simulated monthly market variation
2025-04-01,X5,72440.6,68094.16,81133.47,1.08552,BMW official MSRP anchors + simulated monthly market variation
2025-05-01,X5,72118.06,67790.98,80772.23,1.08069,BMW official MSRP anchors + simulated monthly market variation
2025-06-01,X5,73050.62,68667.58,81816.7,1.09466,BMW official MSRP anchors + simulated monthly market variation
2025-07-01,X5,71731.06,67427.19,80338.78,1.07489,BMW official MSRP anchors + simulated monthly market variation
2025-08-01,X5,71994.71,67675.03,80634.08,1.07884,BMW official MSRP anchors + simulated monthly market variation
2025-09-01,X5,71969.65,67651.47,80606.01,1.07847,BMW official MSRP anchors + simulated monthly market variation
2025-10-01,X5,72790.7,68423.26,81525.59,1.09077,BMW official MSRP anchors + simulated monthly market variation
2025-11-01,X5,72734.95,68370.86,81463.15,1.08993,BMW official MSRP anchors + simulated monthly market variation
2025-12-01,X5,72073.07,67748.68,80721.84,1.08002,BMW official MSRP anchors + simulated monthly market variation
2026-01-01,X5,73964.54,69526.67,82840.29,1.08294,BMW official MSRP anchors + simulated monthly market variation
2026-02-01,X5,74186.87,69735.66,83089.3,1.08619,BMW official MSRP anchors + simulated monthly market variation
2026-03-01,X5,74057.58,69614.13,82944.49,1.0843,BMW official MSRP anchors + simulated monthly market variation
2026-04-01,X5,73833.53,69403.52,82693.55,1.08102,BMW official MSRP anchors + simulated monthly market variation
2026-05-01,X5,73873.83,69441.4,82738.69,1.08161,BMW official MSRP anchors + simulated monthly market variation
2026-06-01,X5,74470.48,70002.25,83406.93,1.09034,BMW official MSRP anchors + simulated monthly market variation
2026-07-01,X5,74872.23,70379.9,83856.9,1.09623,BMW official MSRP anchors + simulated monthly market variation
2019-01-01,X7,75325.96,70806.4,84365.07,1.0193,BMW official MSRP anchors + simulated monthly market variation
2019-02-01,X7,76523.9,71932.46,85706.76,1.03551,BMW official MSRP anchors + simulated monthly market variation
2019-03-01,X7,76429.95,71844.15,85601.54,1.03423,BMW official MSRP anchors + simulated monthly market variation
2019-04-01,X7,76373.17,71790.78,85537.95,1.03347,BMW official MSRP anchors + simulated monthly market variation
2019-05-01,X7,77423.84,72778.41,86714.7,1.04768,BMW official MSRP anchors + simulated monthly market variation
2019-06-01,X7,76141.95,71573.43,85278.98,1.03034,BMW official MSRP anchors + simulated monthly market variation
2019-07-01,X7,76432.55,71846.6,85604.46,1.03427,BMW official MSRP anchors + simulated monthly market variation
2019-08-01,X7,76580.96,71986.1,85770.68,1.03628,BMW official MSRP anchors + simulated monthly market variation
2019-09-01,X7,76280.88,71704.03,85434.59,1.03222,BMW official MSRP anchors + simulated monthly market variation
2019-10-01,X7,75703.17,71160.98,84787.56,1.0244,BMW official MSRP anchors + simulated monthly market variation
2019-11-01,X7,76104.42,71538.16,85236.95,1.02983,BMW official MSRP anchors + simulated monthly market variation
2019-12-01,X7,75855.67,71304.33,84958.35,1.02646,BMW official MSRP anchors + simulated monthly market variation
2020-01-01,X7,78203.89,73511.66,87588.36,1.05824,BMW official MSRP anchors + simulated monthly market variation
2020-02-01,X7,78664.14,73944.29,88103.83,1.06447,BMW official MSRP anchors + simulated monthly market variation
2020-03-01,X7,78862.57,74130.82,88326.08,1.06715,BMW official MSRP anchors + simulated monthly market variation
2020-04-01,X7,77826.03,73156.47,87165.16,1.05313,BMW official MSRP anchors + simulated monthly market variation
2020-05-01,X7,77913.99,73239.15,87263.67,1.05432,BMW official MSRP anchors + simulated monthly market variation
2020-06-01,X7,78266.32,73570.34,87658.28,1.05908,BMW official MSRP anchors + simulated monthly market variation
2020-07-01,X7,78154.16,73464.91,87532.66,1.05757,BMW official MSRP anchors + simulated monthly market variation
2020-08-01,X7,77407.76,72763.29,86696.69,1.04747,BMW official MSRP anchors + simulated monthly market variation
2020-09-01,X7,77898.19,73224.3,87245.98,1.0541,BMW official MSRP anchors + simulated monthly market variation
2020-10-01,X7,77945.18,73268.47,87298.6,1.05474,BMW official MSRP anchors + simulated monthly market variation
2020-11-01,X7,78194.64,73502.96,87578.0,1.05811,BMW official MSRP anchors + simulated monthly market variation
2020-12-01,X7,76658.1,72058.62,85857.07,1.03732,BMW official MSRP anchors + simulated monthly market variation
2021-01-01,X7,82585.04,77629.93,92495.24,1.08427,BMW official MSRP anchors + simulated monthly market variation
2021-02-01,X7,82436.89,77490.68,92329.32,1.08232,BMW official MSRP anchors + simulated monthly market variation
2021-03-01,X7,82097.13,77171.3,91948.79,1.07786,BMW official MSRP anchors + simulated monthly market variation
2021-04-01,X7,82530.84,77578.99,92434.55,1.08356,BMW official MSRP anchors + simulated monthly market variation
2021-05-01,X7,83102.47,78116.33,93074.77,1.09106,BMW official MSRP anchors + simulated monthly market variation
2021-06-01,X7,81959.91,77042.32,91795.1,1.07606,BMW official MSRP anchors + simulated monthly market variation
2021-07-01,X7,82924.27,77948.81,92875.18,1.08872,BMW official MSRP anchors + simulated monthly market variation
2021-08-01,X7,81884.15,76971.1,91710.24,1.07507,BMW official MSRP anchors + simulated monthly market variation
2021-09-01,X7,82289.82,77352.43,92164.6,1.08039,BMW official MSRP anchors + simulated monthly market variation
2021-10-01,X7,82179.68,77248.9,92041.24,1.07895,BMW official MSRP anchors + simulated monthly market variation
2021-11-01,X7,82731.52,77767.63,92659.31,1.08619,BMW official MSRP anchors + simulated monthly market variation
2021-12-01,X7,82325.28,77385.76,92204.31,1.08086,BMW official MSRP anchors + simulated monthly market variation
2022-01-01,X7,85774.09,80627.65,96066.98,1.09359,BMW official MSRP anchors + simulated monthly market variation
2022-02-01,X7,85331.32,80211.44,95571.08,1.08795,BMW official MSRP anchors + simulated monthly market variation
2022-03-01,X7,85385.51,80262.38,95631.78,1.08864,BMW official MSRP anchors + simulated monthly market variation
2022-04-01,X7,84166.82,79116.82,94266.84,1.0731,BMW official MSRP anchors + simulated monthly market variation
2022-05-01,X7,84462.16,79394.43,94597.62,1.07687,BMW official MSRP anchors + simulated monthly market variation
2022-06-01,X7,86200.42,81028.4,96544.47,1.09903,BMW official MSRP anchors + simulated monthly market variation
2022-07-01,X7,84711.12,79628.45,94876.45,1.08004,BMW official MSRP anchors + simulated monthly market variation
2022-08-01,X7,84146.2,79097.42,94243.74,1.07284,BMW official MSRP anchors + simulated monthly market variation
2022-09-01,X7,85382.31,80259.37,95628.18,1.0886,BMW official MSRP anchors + simulated monthly market variation
2022-10-01,X7,84494.58,79424.9,94633.93,1.07728,BMW official MSRP anchors + simulated monthly market variation
2022-11-01,X7,84890.45,79797.02,95077.3,1.08233,BMW official MSRP anchors + simulated monthly market variation
2022-12-01,X7,85666.42,80526.43,95946.39,1.09222,BMW official MSRP anchors + simulated monthly market variation
2023-01-01,X7,85208.21,80095.72,95433.2,1.05586,BMW official MSRP anchors + simulated monthly market variation
2023-02-01,X7,86766.5,81560.51,97178.48,1.07517,BMW official MSRP anchors + simulated monthly market variation
2023-03-01,X7,85757.49,80612.04,96048.39,1.06267,BMW official MSRP anchors + simulated monthly market variation
2023-04-01,X7,85843.52,80692.91,96144.74,1.06374,BMW official MSRP anchors + simulated monthly market variation
2023-05-01,X7,85734.48,80590.41,96022.62,1.06239,BMW official MSRP anchors + simulated monthly market variation
2023-06-01,X7,86404.34,81220.08,96772.87,1.07069,BMW official MSRP anchors + simulated monthly market variation
2023-07-01,X7,86157.02,80987.6,96495.86,1.06762,BMW official MSRP anchors + simulated monthly market variation
2023-08-01,X7,87010.04,81789.44,97451.24,1.07819,BMW official MSRP anchors + simulated monthly market variation
2023-09-01,X7,86268.95,81092.82,96621.23,1.06901,BMW official MSRP anchors + simulated monthly market variation
2023-10-01,X7,86380.57,81197.74,96746.24,1.07039,BMW official MSRP anchors + simulated monthly market variation
2023-11-01,X7,85130.27,80022.46,95345.91,1.0549,BMW official MSRP anchors + simulated monthly market variation
2023-12-01,X7,86844.9,81634.2,97266.28,1.07614,BMW official MSRP anchors + simulated monthly market variation
2024-01-01,X7,88623.24,83305.84,99258.03,1.06818,BMW official MSRP anchors + simulated monthly market variation
2024-02-01,X7,88898.62,83564.7,99566.45,1.0715,BMW official MSRP anchors + simulated monthly market variation
2024-03-01,X7,89385.41,84022.29,100111.66,1.07737,BMW official MSRP anchors + simulated monthly market variation
2024-04-01,X7,88955.99,83618.63,99630.71,1.07219,BMW official MSRP anchors + simulated monthly market variation
2024-05-01,X7,88823.19,83493.79,99481.97,1.07059,BMW official MSRP anchors + simulated monthly market variation
2024-06-01,X7,88479.24,83170.49,99096.75,1.06644,BMW official MSRP anchors + simulated monthly market variation
2024-07-01,X7,89656.34,84276.96,100415.1,1.08063,BMW official MSRP anchors + simulated monthly market variation
2024-08-01,X7,88852.59,83521.43,99514.9,1.07094,BMW official MSRP anchors + simulated monthly market variation
2024-09-01,X7,89642.22,84263.69,100399.29,1.08046,BMW official MSRP anchors + simulated monthly market variation
2024-10-01,X7,89011.49,83670.8,99692.87,1.07286,BMW official MSRP anchors + simulated monthly market variation
2024-11-01,X7,89990.07,84590.66,100788.87,1.08465,BMW official MSRP anchors + simulated monthly market variation
2024-12-01,X7,89557.83,84184.36,100304.77,1.07944,BMW official MSRP anchors + simulated monthly market variation
2025-01-01,X7,91916.07,86401.1,102945.99,1.07841,BMW official MSRP anchors + simulated monthly market variation
2025-02-01,X7,91866.41,86354.43,102890.38,1.07782,BMW official MSRP anchors + simulated monthly market variation
2025-03-01,X7,93099.57,87513.6,104271.52,1.09229,BMW official MSRP anchors + simulated monthly market variation
2025-04-01,X7,92789.83,87222.44,103924.61,1.08866,BMW official MSRP anchors + simulated monthly market variation
2025-05-01,X7,93707.44,88084.99,104952.33,1.09942,BMW official MSRP anchors + simulated monthly market variation
2025-06-01,X7,91823.72,86314.3,102842.57,1.07732,BMW official MSRP anchors + simulated monthly market variation
2025-07-01,X7,92070.05,86545.85,103118.45,1.08021,BMW official MSRP anchors + simulated monthly market variation
2025-08-01,X7,91454.29,85967.03,102428.81,1.07299,BMW official MSRP anchors + simulated monthly market variation
2025-09-01,X7,91783.34,86276.34,102797.34,1.07685,BMW official MSRP anchors + simulated monthly market variation
2025-10-01,X7,92505.22,86954.9,103605.84,1.08532,BMW official MSRP anchors + simulated monthly market variation
2025-11-01,X7,92506.2,86955.82,103606.94,1.08533,BMW official MSRP anchors + simulated monthly market variation
2025-12-01,X7,92161.12,86631.45,103220.45,1.08128,BMW official MSRP anchors + simulated monthly market variation
2026-01-01,X7,95008.25,89307.75,106409.24,1.08581,BMW official MSRP anchors + simulated monthly market variation
2026-02-01,X7,95502.42,89772.28,106962.71,1.09146,BMW official MSRP anchors + simulated monthly market variation
2026-03-01,X7,95020.06,89318.86,106422.47,1.08594,BMW official MSRP anchors + simulated monthly market variation
2026-04-01,X7,94622.79,88945.42,105977.52,1.0814,BMW official MSRP anchors + simulated monthly market variation
2026-05-01,X7,95067.02,89363.0,106475.07,1.08648,BMW official MSRP anchors + simulated monthly market variation
2026-06-01,X7,94930.67,89234.83,106322.35,1.08492,BMW official MSRP anchors + simulated monthly market variation
2026-07-01,X7,94750.2,89065.19,106120.23,1.08286,BMW official MSRP anchors + simulated monthly market variation
2015-01-01,i3,42590.2,40034.79,47701.02,1.00449,BMW official MSRP anchors + simulated monthly market variation
2015-02-01,i3,42400.67,39856.63,47488.76,1.00002,BMW official MSRP anchors + simulated monthly market variation
2015-03-01,i3,42551.79,39998.68,47658.0,1.00358,BMW official MSRP anchors + simulated monthly market variation
2015-04-01,i3,42135.48,39607.35,47191.74,0.99376,BMW official MSRP anchors + simulated monthly market variation
2015-05-01,i3,42546.68,39993.88,47652.28,1.00346,BMW official MSRP anchors + simulated monthly market variation
2015-06-01,i3,42532.09,39980.17,47635.95,1.00312,BMW official MSRP anchors + simulated monthly market variation
2015-07-01,i3,42739.48,40175.11,47868.22,1.00801,BMW official MSRP anchors + simulated monthly market variation
2015-08-01,i3,42439.01,39892.67,47531.69,1.00092,BMW official MSRP anchors + simulated monthly market variation
2015-09-01,i3,42308.01,39769.53,47384.97,0.99783,BMW official MSRP anchors + simulated monthly market variation
2015-10-01,i3,42729.6,40165.82,47857.15,1.00777,BMW official MSRP anchors + simulated monthly market variation
2015-11-01,i3,42604.96,40048.66,47717.55,1.00483,BMW official MSRP anchors + simulated monthly market variation
2015-12-01,i3,42391.51,39848.02,47478.49,0.9998,BMW official MSRP anchors + simulated monthly market variation
2016-01-01,i3,43097.85,40511.98,48269.59,1.00672,BMW official MSRP anchors + simulated monthly market variation
2016-02-01,i3,43915.47,41280.54,49185.33,1.02582,BMW official MSRP anchors + simulated monthly market variation
2016-03-01,i3,43206.98,40614.56,48391.82,1.00927,BMW official MSRP anchors + simulated monthly market variation
2016-04-01,i3,43114.36,40527.5,48288.09,1.00711,BMW official MSRP anchors + simulated monthly market variation
2016-05-01,i3,43602.03,40985.91,48834.28,1.0185,BMW official MSRP anchors + simulated monthly market variation
2016-06-01,i3,43419.15,40814.0,48629.45,1.01423,BMW official MSRP anchors + simulated monthly market variation
2016-07-01,i3,43332.65,40732.69,48532.57,1.01221,BMW official MSRP anchors + simulated monthly market variation
2016-08-01,i3,43393.27,40789.67,48600.46,1.01362,BMW official MSRP anchors + simulated monthly market variation
2016-09-01,i3,43240.11,40645.71,48428.93,1.01005,BMW official MSRP anchors + simulated monthly market variation
2016-10-01,i3,43808.83,41180.3,49065.89,1.02333,BMW official MSRP anchors + simulated monthly market variation
2016-11-01,i3,43515.56,40904.62,48737.42,1.01648,BMW official MSRP anchors + simulated monthly market variation
2016-12-01,i3,43464.41,40856.54,48680.13,1.01529,BMW official MSRP anchors + simulated monthly market variation
2017-01-01,i3,44362.01,41700.29,49685.45,1.02642,BMW official MSRP anchors + simulated monthly market variation
2017-02-01,i3,43956.46,41319.08,49231.24,1.01704,BMW official MSRP anchors + simulated monthly market variation
2017-03-01,i3,43440.75,40834.3,48653.64,1.00511,BMW official MSRP anchors + simulated monthly market variation
2017-04-01,i3,43384.37,40781.31,48590.5,1.0038,BMW official MSRP anchors + simulated monthly market variation
2017-05-01,i3,43926.86,41291.25,49198.08,1.01635,BMW official MSRP anchors + simulated monthly market variation
2017-06-01,i3,43826.16,41196.59,49085.3,1.01403,BMW official MSRP anchors + simulated monthly market variation
2017-07-01,i3,44183.35,41532.35,49485.36,1.02229,BMW official MSRP anchors + simulated monthly market variation
2017-08-01,i3,44078.29,41433.6,49367.69,1.01986,BMW official MSRP anchors + simulated monthly market variation
2017-09-01,i3,44030.37,41388.55,49314.02,1.01875,BMW official MSRP anchors + simulated monthly market variation
2017-10-01,i3,43977.74,41339.08,49255.07,1.01753,BMW official MSRP anchors + simulated monthly market variation
2017-11-01,i3,43646.01,41027.25,48883.53,1.00986,BMW official MSRP anchors + simulated monthly market variation
2017-12-01,i3,43933.21,41297.22,49205.2,1.0165,BMW official MSRP anchors + simulated monthly market variation
2018-01-01,i3,44803.2,42115.01,50179.58,1.02689,BMW official MSRP anchors + simulated monthly market variation
2018-02-01,i3,44419.21,41754.05,49749.51,1.01809,BMW official MSRP anchors + simulated monthly market variation
2018-03-01,i3,43894.01,41260.37,49161.29,1.00605,BMW official MSRP anchors + simulated monthly market variation
2018-04-01,i3,44992.31,42292.77,50391.38,1.03122,BMW official MSRP anchors + simulated monthly market variation
2018-05-01,i3,44882.27,42189.34,50268.15,1.0287,BMW official MSRP anchors + simulated monthly market variation
2018-06-01,i3,44607.47,41931.02,49960.37,1.0224,BMW official MSRP anchors + simulated monthly market variation
2018-07-01,i3,44214.81,41561.92,49520.59,1.0134,BMW official MSRP anchors + simulated monthly market variation
2018-08-01,i3,44697.44,42015.6,50061.14,1.02447,BMW official MSRP anchors + simulated monthly market variation
2018-09-01,i3,44491.1,41821.64,49830.03,1.01974,BMW official MSRP anchors + simulated monthly market variation
2018-10-01,i3,44560.39,41886.76,49907.63,1.02132,BMW official MSRP anchors + simulated monthly market variation
2018-11-01,i3,43900.23,41266.21,49168.25,1.00619,BMW official MSRP anchors + simulated monthly market variation
2018-12-01,i3,44706.85,42024.44,50071.67,1.02468,BMW official MSRP anchors + simulated monthly market variation
2019-01-01,i3,45442.86,42716.29,50896.0,1.03185,BMW official MSRP anchors + simulated monthly market variation
2019-02-01,i3,45083.98,42378.94,50494.05,1.02371,BMW official MSRP anchors + simulated monthly market variation
2019-03-01,i3,45067.81,42363.74,50475.94,1.02334,BMW official MSRP anchors + simulated monthly market variation
2019-04-01,i3,45909.35,43154.79,51418.47,1.04245,BMW official MSRP anchors + simulated monthly market variation
2019-05-01,i3,45707.69,42965.23,51192.62,1.03787,BMW official MSRP anchors + simulated monthly market variation
2019-06-01,i3,45637.88,42899.6,51114.42,1.03628,BMW official MSRP anchors + simulated monthly market variation
2019-07-01,i3,45188.43,42477.13,50611.04,1.02608,BMW official MSRP anchors + simulated monthly market variation
2019-08-01,i3,45751.31,43006.23,51241.46,1.03886,BMW official MSRP anchors + simulated monthly market variation
2019-09-01,i3,45897.39,43143.55,51405.07,1.04218,BMW official MSRP anchors + simulated monthly market variation
2019-10-01,i3,45161.27,42451.59,50580.62,1.02546,BMW official MSRP anchors + simulated monthly market variation
2019-11-01,i3,45572.69,42838.33,51041.42,1.0348,BMW official MSRP anchors + simulated monthly market variation
2019-12-01,i3,45701.62,42959.53,51185.82,1.03773,BMW official MSRP anchors + simulated monthly market variation
2020-01-01,i3,47122.26,44294.93,52776.94,1.06012,BMW official MSRP anchors + simulated monthly market variation
2020-02-01,i3,46742.03,43937.51,52351.08,1.05156,BMW official MSRP anchors + simulated monthly market variation
2020-03-01,i3,46500.85,43710.8,52080.95,1.04614,BMW official MSRP anchors + simulated monthly market variation
2020-04-01,i3,46557.1,43763.67,52143.95,1.0474,BMW official MSRP anchors + simulated monthly market variation
2020-05-01,i3,47286.4,44449.22,52960.77,1.06381,BMW official MSRP anchors + simulated monthly market variation
2020-06-01,i3,47406.4,44562.02,53095.17,1.06651,BMW official MSRP anchors + simulated monthly market variation
2020-07-01,i3,47083.9,44258.87,52733.97,1.05926,BMW official MSRP anchors + simulated monthly market variation
2020-08-01,i3,46599.55,43803.58,52191.5,1.04836,BMW official MSRP anchors + simulated monthly market variation
2020-09-01,i3,47103.96,44277.72,52756.43,1.05971,BMW official MSRP anchors + simulated monthly market variation
2020-10-01,i3,46448.38,43661.48,52022.18,1.04496,BMW official MSRP anchors + simulated monthly market variation
2020-11-01,i3,47315.86,44476.91,52993.77,1.06447,BMW official MSRP anchors + simulated monthly market variation
2020-12-01,i3,46452.68,43665.52,52027.0,1.04505,BMW official MSRP anchors + simulated monthly market variation
2021-01-01,i3,51396.2,48312.43,57563.75,1.10589,BMW official MSRP anchors + simulated monthly market variation
2021-02-01,i3,50389.99,47366.59,56436.78,1.08424,BMW official MSRP anchors + simulated monthly market variation
2021-03-01,i3,49785.11,46798.0,55759.32,1.07122,BMW official MSRP anchors + simulated monthly market variation
2021-04-01,i3,50411.5,47386.81,56460.87,1.0847,BMW official MSRP anchors + simulated monthly market variation
2021-05-01,i3,49996.01,46996.25,55995.53,1.07576,BMW official MSRP anchors + simulated monthly market variation
2021-06-01,i3,50722.84,47679.47,56809.59,1.0914,BMW official MSRP anchors + simulated monthly market variation
2021-07-01,i3,49700.82,46718.77,55664.92,1.06941,BMW official MSRP anchors + simulated monthly market variation
2021-08-01,i3,49938.52,46942.21,55931.14,1.07452,BMW official MSRP anchors + simulated monthly market variation
2021-09-01,i3,50727.3,47683.66,56814.57,1.0915,BMW official MSRP anchors + simulated monthly market variation
2021-10-01,i3,50552.93,47519.75,56619.28,1.08774,BMW official MSRP anchors + simulated monthly market variation
2021-11-01,i3,50510.19,47479.58,56571.42,1.08683,BMW official MSRP anchors + simulated monthly market variation
2021-12-01,i3,50775.62,47729.08,56868.69,1.09254,BMW official MSRP anchors + simulated monthly market variation
2022-01-01,i3,52258.97,49123.43,58530.05,1.0775,BMW official MSRP anchors + simulated monthly market variation
2022-02-01,i3,52078.05,48953.36,58327.41,1.07377,BMW official MSRP anchors + simulated monthly market variation
2022-03-01,i3,52328.72,49189.0,58608.17,1.07894,BMW official MSRP anchors + simulated monthly market variation
2022-04-01,i3,52355.97,49214.62,58638.69,1.0795,BMW official MSRP anchors + simulated monthly market variation
2022-05-01,i3,52380.07,49237.27,58665.68,1.08,BMW official MSRP anchors + simulated monthly market variation
2022-06-01,i3,52645.15,49486.44,58962.57,1.08547,BMW official MSRP anchors + simulated monthly market variation
2022-07-01,i3,52211.66,49078.96,58477.06,1.07653,BMW official MSRP anchors + simulated monthly market variation
2022-08-01,i3,52532.08,49380.16,58835.93,1.08314,BMW official MSRP anchors + simulated monthly market variation
2022-09-01,i3,52173.81,49043.38,58434.67,1.07575,BMW official MSRP anchors + simulated monthly market variation
2022-10-01,i3,52324.93,49185.44,58603.92,1.07886,BMW official MSRP anchors + simulated monthly market variation
2022-11-01,i3,53080.2,49895.38,59449.82,1.09444,BMW official MSRP anchors + simulated monthly market variation
2022-12-01,i3,52268.11,49132.02,58540.28,1.07769,BMW official MSRP anchors + simulated monthly market variation
2022-01-01,i4,60944.82,57288.13,68258.2,1.10009,BMW official MSRP anchors + simulated monthly market variation
2022-02-01,i4,59219.45,55666.28,66325.78,1.06894,BMW official MSRP anchors + simulated monthly market variation
2022-03-01,i4,59610.47,56033.84,66763.72,1.076,BMW official MSRP anchors + simulated monthly market variation
2022-04-01,i4,59938.13,56341.85,67130.71,1.08192,BMW official MSRP anchors + simulated monthly market variation
2022-05-01,i4,59950.07,56353.07,67144.08,1.08213,BMW official MSRP anchors + simulated monthly market variation
2022-06-01,i4,59593.42,56017.82,66744.64,1.07569,BMW official MSRP anchors + simulated monthly market variation
2022-07-01,i4,59866.48,56274.49,67050.46,1.08062,BMW official MSRP anchors + simulated monthly market variation
2022-08-01,i4,60049.66,56446.68,67255.62,1.08393,BMW official MSRP anchors + simulated monthly market variation
2022-09-01,i4,60490.69,56861.25,67749.57,1.09189,BMW official MSRP anchors + simulated monthly market variation
2022-10-01,i4,60150.97,56541.91,67369.09,1.08576,BMW official MSRP anchors + simulated monthly market variation
2022-11-01,i4,59173.86,55623.43,66274.72,1.06812,BMW official MSRP anchors + simulated monthly market variation
2022-12-01,i4,60603.66,56967.44,67876.1,1.09393,BMW official MSRP anchors + simulated monthly market variation
2023-01-01,i4,59195.28,55643.56,66298.71,1.06371,BMW official MSRP anchors + simulated monthly market variation
2023-02-01,i4,59886.07,56292.91,67072.4,1.07612,BMW official MSRP anchors + simulated monthly market variation
2023-03-01,i4,58301.9,54803.79,65298.13,1.04765,BMW official MSRP anchors + simulated monthly market variation
2023-04-01,i4,58683.33,55162.33,65725.33,1.05451,BMW official MSRP anchors + simulated monthly market variation
2023-05-01,i4,58443.73,54937.11,65456.98,1.0502,BMW official MSRP anchors + simulated monthly market variation
2023-06-01,i4,58602.1,55085.98,65634.36,1.05305,BMW official MSRP anchors + simulated monthly market variation
2023-07-01,i4,59391.72,55828.21,66518.72,1.06724,BMW official MSRP anchors + simulated monthly market variation
2023-08-01,i4,59863.94,56272.11,67047.62,1.07572,BMW official MSRP anchors + simulated monthly market variation
2023-09-01,i4,59047.22,55504.39,66132.89,1.06105,BMW official MSRP anchors + simulated monthly market variation
2023-10-01,i4,59293.19,55735.6,66408.38,1.06547,BMW official MSRP anchors + simulated monthly market variation
2023-11-01,i4,59607.36,56030.92,66760.24,1.07111,BMW official MSRP anchors + simulated monthly market variation
2023-12-01,i4,59337.45,55777.21,66457.95,1.06626,BMW official MSRP anchors + simulated monthly market variation
2024-01-01,i4,59354.53,55793.26,66477.07,1.0618,BMW official MSRP anchors + simulated monthly market variation
2024-02-01,i4,59814.65,56225.77,66992.4,1.07003,BMW official MSRP anchors + simulated monthly market variation
2024-03-01,i4,59610.12,56033.52,66763.34,1.06637,BMW official MSRP anchors + simulated monthly market variation
2024-04-01,i4,59544.66,55971.98,66690.01,1.0652,BMW official MSRP anchors + simulated monthly market variation
2024-05-01,i4,60460.43,56832.8,67715.68,1.08158,BMW official MSRP anchors + simulated monthly market variation
2024-06-01,i4,59301.49,55743.4,66417.67,1.06085,BMW official MSRP anchors + simulated monthly market variation
2024-07-01,i4,59588.42,56013.11,66739.02,1.06598,BMW official MSRP anchors + simulated monthly market variation
2024-08-01,i4,60034.31,56432.25,67238.42,1.07396,BMW official MSRP anchors + simulated monthly market variation
2024-09-01,i4,59676.49,56095.9,66837.66,1.06756,BMW official MSRP anchors + simulated monthly market variation
2024-10-01,i4,58964.88,55426.99,66040.66,1.05483,BMW official MSRP anchors + simulated monthly market variation
2024-11-01,i4,60831.44,57181.55,68131.21,1.08822,BMW official MSRP anchors + simulated monthly market variation
2024-12-01,i4,59785.04,56197.94,66959.24,1.0695,BMW official MSRP anchors + simulated monthly market variation
2025-01-01,i4,60930.46,57274.63,68242.12,1.07083,BMW official MSRP anchors + simulated monthly market variation
2025-02-01,i4,61675.18,57974.66,69076.2,1.08392,BMW official MSRP anchors + simulated monthly market variation
2025-03-01,i4,62385.45,58642.33,69871.71,1.09641,BMW official MSRP anchors + simulated monthly market variation
2025-04-01,i4,60953.7,57296.48,68268.14,1.07124,BMW official MSRP anchors + simulated monthly market variation
2025-05-01,i4,61029.53,57367.76,68353.08,1.07258,BMW official MSRP anchors + simulated monthly market variation
2025-06-01,i4,61421.38,57736.1,68791.94,1.07946,BMW official MSRP anchors + simulated monthly market variation
2025-07-01,i4,61495.51,57805.78,68874.97,1.08076,BMW official MSRP anchors + simulated monthly market variation
2025-08-01,i4,61917.09,58202.06,69347.14,1.08817,BMW official MSRP anchors + simulated monthly market variation
2025-09-01,i4,61133.71,57465.69,68469.76,1.07441,BMW official MSRP anchors + simulated monthly market variation
2025-10-01,i4,61701.14,57999.08,69105.28,1.08438,BMW official MSRP anchors + simulated monthly market variation
2025-11-01,i4,61669.25,57969.09,69069.56,1.08382,BMW official MSRP anchors + simulated monthly market variation
2025-12-01,i4,61435.44,57749.31,68807.69,1.07971,BMW official MSRP anchors + simulated monthly market variation
2026-01-01,i4,62864.79,59092.91,70408.57,1.08575,BMW official MSRP anchors + simulated monthly market variation
2026-02-01,i4,63596.97,59781.15,71228.6,1.09839,BMW official MSRP anchors + simulated monthly market variation
2026-03-01,i4,63126.05,59338.49,70701.17,1.09026,BMW official MSRP anchors + simulated monthly market variation
2026-04-01,i4,63041.89,59259.38,70606.92,1.08881,BMW official MSRP anchors + simulated monthly market variation
2026-05-01,i4,62686.35,58925.17,70208.71,1.08267,BMW official MSRP anchors + simulated monthly market variation
2026-06-01,i4,62919.71,59144.53,70470.08,1.0867,BMW official MSRP anchors + simulated monthly market variation
2026-07-01,i4,62781.14,59014.27,70314.87,1.0843,BMW official MSRP anchors + simulated monthly market variation
2022-01-01,iX,90834.04,85384.0,101734.13,1.08914,BMW official MSRP anchors + simulated monthly market variation
2022-02-01,iX,89885.72,84492.57,100672.0,1.07777,BMW official MSRP anchors + simulated monthly market variation
2022-03-01,iX,90743.39,85298.79,101632.6,1.08805,BMW official MSRP anchors + simulated monthly market variation
2022-04-01,iX,87985.4,82706.28,98543.65,1.05498,BMW official MSRP anchors + simulated monthly market variation
2022-05-01,iX,90141.9,84733.39,100958.93,1.08084,BMW official MSRP anchors + simulated monthly market variation
2022-06-01,iX,89873.76,84481.33,100658.61,1.07762,BMW official MSRP anchors + simulated monthly market variation
2022-07-01,iX,89839.35,84448.99,100620.08,1.07721,BMW official MSRP anchors + simulated monthly market variation
2022-08-01,iX,90062.15,84658.42,100869.61,1.07988,BMW official MSRP anchors + simulated monthly market variation
2022-09-01,iX,89948.44,84551.54,100742.26,1.07852,BMW official MSRP anchors + simulated monthly market variation
2022-10-01,iX,90442.27,85015.74,101295.35,1.08444,BMW official MSRP anchors + simulated monthly market variation
2022-11-01,iX,90008.14,84607.65,100809.12,1.07923,BMW official MSRP anchors + simulated monthly market variation
2022-12-01,iX,90260.16,84844.55,101091.38,1.08226,BMW official MSRP anchors + simulated monthly market variation
2023-01-01,iX,89763.39,84377.59,100535.0,1.05356,BMW official MSRP anchors + simulated monthly market variation
2023-02-01,iX,91057.9,85594.43,101984.85,1.06875,BMW official MSRP anchors + simulated monthly market variation
2023-03-01,iX,90258.27,84842.78,101089.27,1.05937,BMW official MSRP anchors + simulated monthly market variation
2023-04-01,iX,90965.92,85507.97,101881.84,1.06768,BMW official MSRP anchors + simulated monthly market variation
2023-05-01,iX,91695.85,86194.1,102699.35,1.07624,BMW official MSRP anchors + simulated monthly market variation
2023-06-01,iX,91560.49,86066.86,102547.75,1.07465,BMW official MSRP anchors + simulated monthly market variation
2023-07-01,iX,90602.98,85166.8,101475.34,1.06342,BMW official MSRP anchors + simulated monthly market variation
2023-08-01,iX,91345.75,85865.0,102307.24,1.07213,BMW official MSRP anchors + simulated monthly market variation
2023-09-01,iX,89414.67,84049.79,100144.43,1.04947,BMW official MSRP anchors + simulated monthly market variation
2023-10-01,iX,92340.36,86799.94,103421.21,1.08381,BMW official MSRP anchors + simulated monthly market variation
2023-11-01,iX,90226.46,84812.88,101053.64,1.059,BMW official MSRP anchors + simulated monthly market variation
2023-12-01,iX,90859.98,85408.38,101763.17,1.06643,BMW official MSRP anchors + simulated monthly market variation
2024-01-01,iX,92829.92,87260.13,103969.51,1.06701,BMW official MSRP anchors + simulated monthly market variation
2024-02-01,iX,92902.7,87328.54,104051.03,1.06785,BMW official MSRP anchors + simulated monthly market variation
2024-03-01,iX,91680.15,86179.34,102681.77,1.05379,BMW official MSRP anchors + simulated monthly market variation
2024-04-01,iX,93244.24,87649.59,104433.55,1.07177,BMW official MSRP anchors + simulated monthly market variation
2024-05-01,iX,93080.26,87495.45,104249.89,1.06989,BMW official MSRP anchors + simulated monthly market variation
2024-06-01,iX,93915.16,88280.25,105184.98,1.07948,BMW official MSRP anchors + simulated monthly market variation
2024-07-01,iX,93079.69,87494.91,104249.25,1.06988,BMW official MSRP anchors + simulated monthly market variation
2024-08-01,iX,93015.23,87434.31,104177.05,1.06914,BMW official MSRP anchors + simulated monthly market variation
2024-09-01,iX,93547.21,87934.38,104772.87,1.07526,BMW official MSRP anchors + simulated monthly market variation
2024-10-01,iX,92679.71,87118.92,103801.27,1.06528,BMW official MSRP anchors + simulated monthly market variation
2024-11-01,iX,93280.2,87683.39,104473.82,1.07219,BMW official MSRP anchors + simulated monthly market variation
2024-12-01,iX,92046.88,86524.07,103092.5,1.05801,BMW official MSRP anchors + simulated monthly market variation
2025-01-01,iX,88024.88,82743.39,98587.87,1.08572,BMW official MSRP anchors + simulated monthly market variation
2025-02-01,iX,87760.89,82495.24,98292.19,1.08247,BMW official MSRP anchors + simulated monthly market variation
2025-03-01,iX,87044.31,81821.65,97489.63,1.07363,BMW official MSRP anchors + simulated monthly market variation
2025-04-01,iX,87043.54,81820.93,97488.77,1.07362,BMW official MSRP anchors + simulated monthly market variation
2025-05-01,iX,86642.36,81443.82,97039.45,1.06867,BMW official MSRP anchors + simulated monthly market variation
2025-06-01,iX,88041.54,82759.05,98606.52,1.08593,BMW official MSRP anchors + simulated monthly market variation
2025-07-01,iX,87987.08,82707.86,98545.53,1.08526,BMW official MSRP anchors + simulated monthly market variation
2025-08-01,iX,86772.93,81566.56,97185.68,1.07028,BMW official MSRP anchors + simulated monthly market variation
2025-09-01,iX,87335.29,82095.17,97815.52,1.07722,BMW official MSRP anchors + simulated monthly market variation
2025-10-01,iX,88725.75,83402.21,99372.84,1.09437,BMW official MSRP anchors + simulated monthly market variation
2025-11-01,iX,87853.22,82582.03,98395.61,1.0836,BMW official MSRP anchors + simulated monthly market variation
2025-12-01,iX,87551.66,82298.56,98057.86,1.07988,BMW official MSRP anchors + simulated monthly market variation
2026-01-01,iX,81651.72,76752.61,91449.92,1.08652,BMW official MSRP anchors + simulated monthly market variation
2026-02-01,iX,81650.73,76751.69,91448.82,1.0865,BMW official MSRP anchors + simulated monthly market variation
2026-03-01,iX,81743.88,76839.25,91553.15,1.08774,BMW official MSRP anchors + simulated monthly market variation
2026-04-01,iX,80590.64,75755.2,90261.52,1.0724,BMW official MSRP anchors + simulated monthly market variation
2026-05-01,iX,81422.81,76537.44,91193.54,1.08347,BMW official MSRP anchors + simulated monthly market variation
2026-06-01,iX,81381.97,76499.05,91147.81,1.08293,BMW official MSRP anchors + simulated monthly market variation
2026-07-01,iX,81579.73,76684.94,91369.29,1.08556,BMW official MSRP anchors + simulated monthly market variation
